AltNameID,AltName
44428,Adèle
58383,Alizée
57967,Ruì
29353,Hélène
44672,Pål
54709,Géraldine
31484,Pò
24707,Léa
28996,Tán
98626,Séverine
90464,Béatrice
72886,Laurène
12145,Lyséa
67118,Angèle
45308,Léane
25084,Liè
97548,Vénus
78192,Nuó
43834,Méline
43411,Göran
13260,Mégane
98867,Eliès
69430,Laurène
90095,Adèle
61327,Torbjörn
19502,Salomé
87775,Gaëlle
56618,Mélinda
99289,Thérèse
50904,Léonore
80924,Loïca
17558,Wá
77009,Mylène
22790,Magdalène
78933,Börje
72240,Mélia
85963,Marlène
69955,Yóu
11028,Clélia
73057,Yè
26224,Cloé
76483,Eloïse
43232,Maëly
96510,Régine
83494,Amélie
15734,Garçon
89470,Yáo
34940,Tú
41794,Yè
63049,Noëlla
82277,Yénora
18238,Léone
96316,Marylène
51611,Maëlys
11197,Célestine
86199,Félicie
35488,Eloïse
11546,Valérie
16800,Cunégonde
97398,Médiamass
83416,Angélique
64981,Loïc
68082,Maëlann
48360,Marie-hélène
98206,Mélina
96425,Lorène
40242,Michèle
64986,Maïwenn
34452,Réservés
63922,Amélie
97576,Léa
80070,Dafnée
71791,Gaëlle
41709,Lucrèce
22544,Lài
37127,Tán
67144,Véronique
45127,Clémentine
14064,Léana
89769,Thérèsa
47750,Cécilia
95600,Médiamass
32832,Gösta
68736,Félicie
85194,Daphnée
13172,Märta
78631,Lèi
98589,Aimée
37713,Hélèna
80683,Thérèse
63313,Solène
74402,Erwéi
46060,Laïla
74334,Gösta
49337,Célia
14914,Estée
42932,Médiamass
40822,Cloé
28788,Audréanne
77417,Mahélie
75570,Bénédicte
85376,Mà
75418,Léane
92844,Lèi
42277,Yú
72356,Pò
58052,Wá
93189,Célestine
69001,Pò
34410,Méghane
99072,Anaëlle
51472,Yóu
36724,Léone
70468,Måns
95713,Thérèsa
57079,Réservés
79628,Dà
63746,Personnalisée
38362,Thérèse
85272,Ráo
95359,Mårten
89162,Océane
24278,Félicie
40049,Géraldine
83508,Mahélie
16267,Ruì
86974,Ophélie
16866,Laurélie
40446,Mélinda
42186,Crééz
24375,Mélissandre
57221,Gaïa
27576,Garçon
60183,Liè
67895,Pål
55482,Liè
36919,Eugénie
30353,Faîtes
46565,André
84667,Bécassine
88749,Táng
95097,Nadège
39741,Anaëlle
25504,Aloïs
70880,Maéna
62396,Méline
49692,Almérinda
70543,Intéressant
22479,Mélanie
78851,Laurène
56664,Táng
57759,Estève
49564,Mà
63584,Bérengère
49131,Björn
67444,Véronique
43838,Loïc
22463,Sélène
46705,Publicité
61877,Thérèsa
55329,Audréanne
21267,Kuí
31057,Estée
96081,Mélinda
82438,Thérèse
31590,Eléa
66636,Gösta
51047,Mylène
41976,Märta
88040,Görel
75682,Maïly
81905,Noëlla
12932,Edmée
81625,Annotée
36426,Clémentine
97010,Nélie
31432,Marlène
41836,Tú
85339,Marylène
54610,Mårten
55820,Mén
61193,Tán
48586,Noémie
43558,Réjane
91243,Mélina
46336,Táng
12610,Léone
61240,Loïca
13543,Maïwenn
44623,Mà
84459,Mélanie
32729,Mélina
39236,Cunégonde
95756,Maëly
53273,Lorène
72260,Mégane
66672,Clémentine
54291,Maëline
98989,Joséphine
78580,Mà
81021,Marie-josée
30400,Béatrice
82199,Réjane
29936,Táng
63607,Régine
95509,Réjane
70514,Dù
56399,Médiamass
20438,Örjan
78394,Bécassine
20757,Anaé
22461,Agnès
30591,Mélia
17181,Gérald
58028,Angélique
27867,Léone
21461,Mélia
35836,Ophélie
69741,Céline
55630,Thérèse
66846,Rébecca
32640,Erwéi
91787,Esbjörn
34006,Léandre
76249,Vérane
88377,Chloé
26847,Géraldine
54587,Yáo
76828,Erwéi
38500,Laurène
73450,Clémentine
45889,Crééz
81413,Nélie
63171,Laurène
95815,Noëlla
87965,Réservés
43167,Méng
10464,Laurène
29826,Pénélope
77228,Annotée
18812,Gaïa
95132,Cinéma
87433,Cinéma
64118,Kallisté
69087,Aloïs
82879,Irène
38009,Publicité
28280,Göran
57292,Aimée
27883,Åke
55733,Faîtes
59838,Vénus
44384,Miléna
99552,Annotée
83090,Dorothée
76377,Lài
83480,Eugénie
96296,Néhémie
91732,Eloïse
75374,Mélissandre
85876,Bérengère
65945,Eliès
28311,Aurélie
49995,Stévina
15401,Rachèle
22893,Nadège
97455,Adélie
91962,Gösta
33205,Simplifiés
72993,Hélène
99043,Léone
25614,Lyséa
65395,Gaëlle
39653,Félicie
80919,Tú
47618,Frédérique
89321,Naëlle
96117,Maëlla
83386,Nélie
62341,Mahélie
84515,Léana
13542,Andrée
49737,Marie-ève
12033,Bérengère
11568,Estève
57311,Marie-françoise
91222,Faîtes
38462,Lén
26574,Maëlle
90924,Mégane
23885,Börje
71773,Clémence
59630,Maëlyss
62436,Björn
17670,Réjane
50440,Eugénie
30004,Faîtes
92134,Eléa
25418,Régine
79517,Maïwenn
95060,Nuó
82513,Océane
56796,Clélia
12975,Aimée
95670,Eliès
82064,Noémie
54997,Annotés
18215,Zoé
11969,Geneviève
96956,Eloïse
63592,Crééz
44780,Méghane
81226,Håkan
27239,Josée
81286,Esbjörn
80558,Sélène
42313,Lài
53476,Personnalisée
78976,Josée
73096,Mélys
92457,Börje
90961,Tú
45079,Wá
45616,Pélagie
58873,Lén
65593,Laurène
93779,Séréna
80355,Dù
69956,Léonie
76834,Naëlle
63080,Annotés
78390,Léa
75250,Mélia
78102,Andrée
17633,Océane
33319,Crééz
27430,Lorène
97332,Frédérique
93645,Sélène
42741,Sélène
12178,Almérinda
87489,Géraldine
60672,Cécile
50204,André
88503,Vérane
86053,Vénus
36655,Maïlys
31646,Céline
36321,Märta
82249,Loïc
93799,Joséphine
94792,Gaïa
15993,Aí
20918,Françoise
32191,Anaïs
20862,Frédérique
78502,Angèle
21948,Dà
65759,Amélie
38479,Görel
25301,Eléa
69600,Måns
78242,Maëlys
80158,Loïc
79594,Loïs
30106,Stévina
15999,Thérèse
15741,Táng
44229,Géraldine
76099,Dà
62086,Gösta
24944,Publicité
21255,Océane
75658,Bécassine
10653,Marie-ève
65096,Garçon
88587,Cunégonde
33356,Annotés
92395,Maïly
30392,Cléopatre
98361,Cléa
66263,Lóng
40972,Loïca
65829,Athéna
37846,Océane
31716,Tú
75398,Kallisté
80024,Léandre
25848,Dafnée
15779,Danièle
31040,Athéna
59402,Réservés
56535,Joséphine
22580,Séréna
59491,Laurélie
45076,Marylène
53572,Clémence
23908,Örjan
83126,Marie-françoise
61845,Alizée
50971,Åsa
84080,Håkan
95041,Åke
26185,Gaëlle
54069,Lài
58027,Béatrice
33402,Laurélie
13371,Publicité
60347,Chloé
78570,Mélissandre
33886,Desirée
60021,Aí
84194,Görel
12642,Yóu
42052,Alizée
59867,Eugénie
43865,Tán
14277,Cunégonde
48724,Judicaël
37055,Léone
27491,Audréanne
26474,Rébecca
99913,Hélèna
33686,Vénus
17737,Maïlys
11970,Cunégonde
55327,Lorène
45607,Thérèse
84785,Yénora
20725,Marie-thérèse
93781,Lèi
56054,Åsa
22764,Josée
53101,Kù
92194,Nadège
89002,Örjan
33231,Bécassine
37336,Åslög
52628,Thérèse
94378,Lóng
23392,Michèle
10165,Bérangère
99910,Rébecca
46449,Laurélie
48903,Lén
68590,Yáo
38208,Cunégonde
99721,Gérald
15992,Noémie
23251,Lorène
62369,Intéressant
47242,Loïca
98329,Amélie
29984,Gisèle
40612,Åke
40914,Desirée
98900,Maëlla
93464,Irène
60163,Annotés
30266,Jú
12212,Françoise
16518,Gérald
10971,Märta
59696,Jú
91443,Méthode
17813,Danièle
63679,Andrée
34549,Cléa
47962,Yè
98945,Laïla
11295,Illustrée
88593,Bérénice
42078,Geneviève
37146,Gérald
71869,Marie-thérèse
79977,Lèi
36198,Åsa
13189,Alizée
96000,Maïlis
39968,Maëline
39047,Yè
77047,Mégane
19462,Mahélie
61055,Cloé
78496,Bénédicte
29911,Geneviève
78057,Mårten
98354,Illustrée
91844,Amélie
83394,Adélie
62740,Desirée
17081,Estève
86148,Göran
49798,Åsa
66343,Véronique
16558,Rébecca
53581,Esbjörn
22562,Athéna
97883,Maëlle
29010,Håkan
28246,Maïté
37893,Judicaël
79618,Clémence
32719,Noëlla
56939,Simplifiés
36975,Mélissandre
61679,Mélodie
82562,Björn
78860,Loïca
91178,Eugénie
42384,Céline
64377,Esbjörn
21958,Kévina
86098,Chloé
20477,Félicie
69461,Mélys
78202,Cécilia
60139,Frédérique
78241,Méthode
28946,Daphnée
35346,Eloïse
60958,Léa
58575,Lauréna
68553,Eloïse
32495,Solène
37264,Méthode
68962,Pål
98892,Maïlis
94703,Loïc
99191,Göran
62224,Anaé
72094,Bérengère
98327,Michèle
78388,Pélagie
87776,Vénus
12323,Hélène
68159,Bérengère
25382,Görel
46475,Desirée
16735,Garçon
60349,Cloé
48191,Esbjörn
52564,Séverine
70362,Dù
89984,Nuó
18860,André
23716,Maï
52295,Pål
95665,Dafnée
55798,Marlène
14544,Mélina
82525,Maéna
69462,Mylène
63141,Adélaïde
66586,Kù
57206,Solène
63055,Sòng
55997,Léandre
35742,Loïca
51734,Örjan
39362,Mélys
58297,Aurélie
10344,Renée
62136,Gisèle
56123,Loïc
18637,Lèi
34599,Marie-josée
52435,Yáo
26294,Clémence
49397,Liè
40473,Lóng
21469,Maëlys
56305,Mélissandre
20002,Lóng
71120,Thérèsa
15212,Andréa
65634,Mà
86990,Marylène
74603,Lóng
74162,Erwéi
24013,Françoise
25066,Joséphine
74612,Renée
19821,Léonore
19704,Valérie
15549,Nuó
67761,Léane
40264,Cléa
80262,Cléopatre
19755,Nélie
21035,Maëlla
59049,Loïc
98834,Néhémie
93736,Frédérique
69432,Aloïs
60575,Maëlyss
20455,Estée
15419,Ruì
17400,Andréanne
33964,Miléna
86065,Maïlis
39222,Publicité
61706,Faîtes
23114,Crééz
93916,Mélinda
49872,Simplifiés
89048,Laurélie
36072,Rachèle
85768,Régine
75600,Ráo
48254,Göran
38002,Lauréna
37955,Annotée
27076,Clémence
53357,Geneviève
43015,Réservés
96179,Aurélie
13099,Mà
68083,Rébecca
24366,Desirée
70801,Amélie
30149,Uò
68823,Maëlys
93576,Pò
86347,Félicie
47348,Cloé
23394,Lorène
41246,Estée
79851,Cloé
73933,Angélique
16084,Maëlle
40190,Maïly
64039,Börje
77884,Estève
65495,Simplifiés
82977,Eléa
20135,Mélissandre
58739,Mégane
44323,Marie-thérèse
94710,Bérangère
72319,Torbjörn
48556,Frédérique
65095,Nuó
27737,Erwéi
51736,Maïlys
45581,Noëlla
22447,Mélia
86900,Maëlann
36550,Håkan
20417,Yénora
30484,Cinéma
17549,Laurélie
86531,Inès
65398,Kallisté
91868,Estève
92891,Maëlys
51823,Véronique
27149,Maëlyss
11740,Mélys
47785,Almérinda
71903,Maïwenn
63207,Léandre
54887,Mélia
81765,Mélanie
70858,Yáo
59670,Dà
48821,Faîtes
24920,Lyséa
50810,Mårten
47599,Nadège
26437,Angèle
36316,Mélanie
78917,Pénélope
64827,Clémence
40082,Gaétane
28931,Nadège
55488,Intéressant
75334,Géraldine
47936,Crééz
69535,Mahélie
16454,Geneviève
40270,Chloé
26820,Clélia
50090,Eloïse
43260,Bérangère
66974,Mà
18477,Anaëlle
67254,Renée
66773,Andréa
73791,André
48585,Pål
67677,Lèi
22583,Noëlla
96847,Maéna
70373,Lucrèce
59927,Fèi
48831,Anaël
58908,Méthode
22405,Gaétane
62038,Néhémie
59731,Fèi
75358,Simplifiés
19727,Måns
25514,Yè
87032,Clélia
92231,Cléa
39289,Félicie
43067,Fèi
86899,Laurène
14594,Clélia
39301,Rébecca
13167,Sòng
45884,Mélina
79058,Frédérique
28157,Ruì
56091,Ruò
15271,Méng
40438,Cunégonde
93518,André
69579,Solène
16659,Maïlis
62649,Noémie
98401,Maïté
58044,Aimée
55786,Laurène
41180,Célestine
59524,Maéna
82574,Märta
53795,Táng
69712,Maïwenn
14435,Hélèna
38976,Fèi
13358,Håkan
11469,Wá
20098,Loïs
66732,Méryl
84525,Léane
21733,Vénus
84028,Mahélie
42412,Réservés
14087,Andréa
97486,Yóu
49857,Åke
57620,Léa
54853,Maïlys
49965,Léonie
62549,Sélène
39033,Dà
46211,Gaétane
84519,Maéna
45508,Naéva
63581,Séverine
95010,Dà
56948,Mélanie
22625,Dafnée
26192,Mén
47176,Adèle
79211,Léandre
18478,Bérangère
28590,Liè
65584,Marie-josée
44598,Thérèse
60972,Vérane
71481,Mén
99994,Lóng
71583,Salomé
31035,Alizée
16077,Mélia
54388,Lóng
60572,Marie-françoise
63004,Mahélie
61609,Kévina
33307,Yáo
85806,Marie-ève
99450,Laurélie
70671,Françoise
81487,Clémence
59963,Noëlla
27253,Uò
91059,Göran
58581,Gwenaëlle
27627,Ophélie
96348,Aí
50342,Garçon
47449,Océanne
41147,Märta
19091,Naëlle
20416,Méghane
22311,Josée
49002,Estée
55338,Béatrice
16276,Léonie
36237,Marylène
73784,Illustrée
66910,Marie-noël
70233,Léonore
27106,Mén
54332,Laïla
85251,Géraldine
37651,Réservés
66736,Méng
17383,Styrbjörn
61006,Mélodie
95529,Garçon
18378,Håkan
93014,Léa
83725,Maëline
35360,Cloé
95666,Valérie
51107,Lén
24565,Loïc
92278,Laurène
59823,Marie-josée
42491,Anaëlle
66929,Bécassine
64858,Mén
20297,Céline
80673,Maéna
97197,Anaël
15631,Maëlyss
42030,Gaëlle
12073,Marylène
73325,Maëline
94939,Nélie
89114,Miléna
92275,Liè
92009,Miléna
89079,Cécilia
50760,Intéressant
44358,Méline
54577,Réjane
20424,Méng
37547,Véronique
67445,Audréanne
75846,Adèle
92460,Torbjörn
11207,Océanne
10475,Vérane
60129,Bénédicte
50496,Adélaïde
47491,Ruì
17870,Marie-françoise
23504,Simplifiés
67312,Åslög
75372,Méryl
53159,Danièle
63880,Cécilia
78404,Lauréna
42156,Intéressant
38850,Kallisté
18994,Cécile
50755,Stéphanie
28265,Geneviève
35445,Néhémie
71301,Cléa
36514,Maëlann
41102,Gösta
89400,Judicaël
22411,Solène
63328,Gaëlle
46770,Léana
39839,Loïs
51268,Åsa
65946,Léana
14111,Marie-hélène
51201,Maëlann
31661,Annotés
54302,Maëlann
10717,Ophélie
81660,Sòng
64048,Frédérique
40476,Anaël
68933,Gösta
18223,Gaïa
46881,Esbjörn
48359,Néhémie
93109,Mà
63595,Yáo
46760,Méryl
76718,Wá
77120,Maïté
11840,Vérane
48604,Salomé
20370,Daphnée
67493,Ophélie
21102,Vérane
58810,Laurélie
11974,Andréanne
67765,Amélie
35387,Méline
83454,Océanne
68043,Mélys
17074,Cunégonde
37649,Marie-ève
85432,Daphnée
62799,Marie-noël
65294,Yú
84548,Mårten
84012,Cunégonde
24284,Marlène
12366,Eugénie
89835,Åsa
19509,Pò
31496,Océane
27779,Erwéi
34379,Intéressant
72059,Göran
55836,Garçon
39089,Geneviève
93269,Clémence
16433,Andrée
18220,Aloïs
41890,Naëlle
58559,Publicité
44249,Estée
88519,Ruò
33918,Illustrée
75415,Sòng
51261,Lài
47645,Bérangère
71090,Andrée
84351,Ophélie
45176,Séverine
67631,Réservés
11279,Eloïse
79112,Cunégonde
41123,Mà
82746,Alizée
10369,Uò
92940,Dafnée
47310,Åslög
38755,Dà
16904,Amélie
78769,Laurélie
54994,Bécassine
28344,Åslög
52941,Gwenaëlle
49151,Séverine
39071,Angélique
64764,Fèi
13108,Miléna
76777,Méthode
72154,Lóng
70545,Yénora
20809,Mélina
51180,Maëlyss
11226,Esbjörn
72204,Océane
16927,Cloé
29240,Estève
97886,Yè
68768,Béatrice
15150,Mélia
40590,Françoise
17160,Tú
54067,Mén
59180,Céline
40864,Alizée
45848,Méryl
21404,Desirée
91756,Lauréna
66439,Bérénice
65691,Lóng
89191,Kù
38486,Ruò
49592,Tú
30673,Aí
63404,Ráo
27739,Médiamass
16583,Océanne
12542,Cécilia
97927,Adèle
84966,Kù
51100,Aimée
87284,Alizée
17857,Maïlys
81371,Maëlys
63311,Börje
90661,Sélène
47236,Océanne
33080,Torbjörn
80371,Táng
22123,Renée
37190,Estée
93482,Maëline
25381,Cinéma
37779,Wá
54608,Léandre
82669,Hélène
21746,Örjan
94539,Mélys
92892,Gaïa
55995,Mélissandre
38060,Crééz
81864,Océane
90033,Kévina
73937,Gaétane
26260,Naéva
97341,Irène
97351,Anaé
