PopulationID,PopulationDesc
7231345,Northern Water Plantain
5715504,Lapland Reedgrass
5639687,Goosefoot Violet
6207064,Rio Grande Phlox
5847796,Ruby Cinquefoil
7940282,Pterigynandrum Moss
6043587,Selway Mariposa Lily
9013615,Muscadine
6579737,San Bernardino Suncup
6282303,Common Woodrush
9459081,Hybrid Oak
7600656,Smallleaf Shield Lichen
9087163,Ricegrass
6186576,Red Rock Tarweed
6098093,Orange Lichen
9715894,Scouler's Woollyweed
5747756,Red Bartsia
7815762,Spinescale Saltbush
7670672,Szczawinskia Lichen
7164010,Small Skullcap
8932015,Dot Lichen
6679100,Crimson Pitcherplant
8782106,Siberian Currant
8816484,Torrey's Sphagnum
7614712,Citron Daylily
8083162,Baffin Lecidea Lichen
8496556,Milkmaids
6762520,Fort Huachuca Evening Primrose
8686667,Pacific Parmotrema Lichen
7130939,White Mountain Saxifrage
7442341,Bluntleaf Spikemoss
6155580,Peaty Dewberry
7765537,Slender Clubmoss
7668035,Sierra Gooseberry
9677954,Monkeypuzzle Tree
8732484,Smooth Barley
8868908,Woolly Meadowfoam
9294634,Cracked Lichen
8912903,Wart Lichen
8777508,Entodon Moss
5630624,Wart Lichen
7228076,Desert Monardella
6893095,Sematophyllum Moss
7935349,Field Sagewort
8519363,Helocarpon Lichen
6403385,Shoeblackplant
8520672,Navasota False Foxglove
7172886,Divaricate Navarretia
7928052,Waltham Creek Clarkia
9887528,Hart's Tonguefern
9757978,Neomacounia Moss
8544880,Rosette Lichen
6264862,Sessile Joyweed
5625358,Longtube Iris
9230916,Alsike Clover
6111010,King's Clover
5633611,Thelopsis Lichen
6312228,Bonnet Orchid
9654133,Shield Nasturtium
9300778,Brewer Spruce
6933694,California Milkweed
9002622,Cracked Lichen
7399658,Valley Lupine
6749388,Inyo Beardtongue
8051960,Goldenstar
5779001,Doubtful Knight's-spur
7563438,Rosy Pussytoes
9506327,Bract Saxifrage
7486506,Glory-pea
9214132,Pale Phacelia
9049794,Eastern Grasswort
9836432,Kou
6121158,Fairy Beaksedge
8575172,Balsam Groundsel
9076729,Cusick's Lupine
6635852,Hall's Wild Cabbage
7910320,Puerto Rico Halberd Fern
6118865,Kaibab Plateau Indian Paintbrush
6686428,Eremogone
9028104,Cracked Lichen
7482483,Alcove Rockdaisy
6507624,Sessileflower False Goldenaster
8097876,Beautiful Phacelia
6662400,Mojave Milkvetch
8956040,Cuban Prescott Orchid
9295222,High-plains Beeblossom
8272792,Gulf Swampweed
8010018,Waynea Lichen
9658525,Olympic Indian Paintbrush
6240166,Pepper
9602154,Catclaw Acacia
7127438,San Luis Purple Sage
7868167,Elliott's Bluestem
5664958,Fontinalis Moss
8899562,Koko
6650479,Eucladium Moss
9414530,Canada Lettuce
8731763,Chirauli Nut
6105257,Ridgetop Guavaberry
6688690,Purpleflowering Raspberry
8066508,Orthothecium Moss
7109850,Streamside Map Lichen
9282796,Tropical Sage
9971668,Sullivant's Entodon Moss
6469670,Piedmont Breadroot
8444068,Gmelin's Sedge
6336269,Chilean Rabbitsfoot Grass
7575639,Clearwater Cryptantha
9244147,Large False Groundcherry
6273132,Western False Rue Anemone
6822019,Whitehead Bogbutton
7966412,Wart Lichen
7333454,Islandthicket Threeawn
9737501,Junghuhn's Sphagnum
9886121,Brazilian Joyweed
9788401,Velvet Shrubverbena
9624251,Rose Balm
6304964,Woollystar
9504780,Mountain Phlox
6366366,Prairie Buttercup
8089547,Blunt Spikerush
9499503,Kamtschatca Mountain-avens
9469365,Snow Lichen
7127620,Rim Lichen
6066616,Seashore Bluegrass
9333492,Greygreen Reindeer Lichen
9521235,Pawpaw
7606476,Lesser California Rayless Fleabane
7622301,Hirsute Artocarpus
8432182,Bee-bee Tree
6272638,Large False Groundcherry
9950958,Field Groundcherry
7041732,Kou
9113217,Goldenbush
9580240,Smooth Woodyaster
7880496,Big Spore Cracked Lichen
6117687,Inyo Phacelia
6575009,Machaeranthera
7300437,Plectocarpon Lichen
6379720,Yellow Waterlily
6534301,Fireleaf Leptarrhena
8401148,Apricot
9397387,Common Dandelion
9420653,Tropical Whiteweed
5598176,Great Basin Brome
7562723,Oddleaf Dung Moss
8251517,Small Coastal Germander
6217936,Greentinge Indian Paintbrush
7410554,Shiningbranch Hawthorn
6685378,Largeleaf Avens
9079982,Roezl's Penstemon
5704332,Asian Nakedwood
8649980,Camasey Cuatrocanales
6895686,Idaho Bentgrass
9555781,Revolute Didymodon Moss
9157724,Stickyseed
6455215,Buckley's Yucca
6587392,Chinese Photinia
7926112,Rocky Mountain Lousewort
7753053,Rocklettuce
9096445,Turkeypeas
7460531,Curvepod Fumewort
6395194,Kingdevil
9482316,Polytrichum Moss
5610460,Weber's Cryptantha
7334345,Soot Lichen
8791451,Micromitrium Moss
9615111,Ramm's Madia
5892719,Edwards Plateau Five Eyes
6055285,Dwarf False Pennyroyal
8033143,Streamside Bryum Moss
8369609,Alpine Buttercup
9127738,Missouri Foxtail Cactus
6093839,Fineleaf Hymenopappus
5887908,Spanish Moss
7239712,Roadside Woodrose
9980628,Mauna Loa Clermontia
9419327,Geyer's Milkvetch
7478726,Poorjoe
8844987,Yellow Floatingheart
9772184,Diphyscium Moss
8755893,Virola
7904089,Miner's Lettuce
7720384,Thicketwort
5614293,Rufous Bulrush
9178219,Soana
9720495,Desert Cryptantha
8577156,Sulphur-flower Buckwheat
8698341,Yellow Pepperweed
9632833,Beckwith's Clover
9620869,Leathery Grapefern
9161118,Bladder Pod
8068631,Roostertree
7535676,Notothylas
7762693,San Antonio Pricklypear
9340780,Sharp-tooth Clover
8104746,Gray Nicker
6223636,Stegonia Moss
7038257,New Holland Rattlepod
9282967,Melaspilea Lichen
7086925,Panicledleaf Ticktrefoil
8048700,Widelip Orchid
7703580,Hairy Lettuce
9525279,Veronicaleaf Brickellbush
7592009,Forget-me-not
9018266,Crandall's Saxifrage
6808745,Purple Rattlesnakeroot
7202863,Lecidea Lichen
7670486,Henry's Spiderlily
8886296,Sequoia Bedstraw
9793909,Wolf Lichen
9042870,Boscia
8778981,Whitecolumn Foxtail Cactus
9555981,Lemonyellow False Goldenaster
8756446,Silverleaf Mountain Gum
7344878,Ghiesbreght's Panicgrass
8210121,Monkeyflower Savory
6588419,Wagner's Cyrtandra
8328558,Honokahua Melicope
6860880,Seaside Tansy
9968247,Cyrtandra
8969245,Licorice Weed
8358503,Gray Gum
6986208,Lyreleaf Bladderpod
8359411,Kauai Pipturus
5652238,Snake Range Buckwheat
9372226,Wild Sugar Apple
8540584,Entodon Moss
9425252,Witch's Moneybags
5989965,Miniature Flatsedge
7918186,Rockrose
7292821,Booth's Suncup
6071042,Gulch Cyrtandra
7559027,Henbane
9521983,Great Ragweed
6873462,Summer Ragwort
6167571,Coville's Erigeron
7352545,Sicklefruit Hypecoum
7429767,Asian Nakedwood
5912163,San Diego Sedge
6272886,Cayenne Pepper
8766743,Japanese Ginger
9692275,Aguinaldo Blanco
9228651,Quill Sedge
7252612,Narrow Swordfern
5617341,Raillardella
6153209,Hairtip Clubmoss
7692423,Marsh Arrowgrass
6932393,Armenia Tephromela Lichen
9143267,Haematoxylum
5834825,Arid-land Peperomia
8036081,Chalk Dudleya
6410923,Bitter Panicgrass
9609092,Great Waterleaf
5669894,Tridax
6938086,Kauai Clermontia
6112260,Caribbean Myrtlecroton
5670014,Purple Glory Tree
6670282,Hawai'i Plantain
6830699,Lecania Lichen
7571342,Rim Lichen
7454413,Blackberry
9978047,River Cyrtandra
6406786,Hybrid Violet
6527272,Munz's Cholla
7138058,Ilang-ilang
7303837,Northern Marsh Yellowcress
7363903,Hybrid Violet
9917137,Polytrichum Moss
6836623,Corn
9200811,Broadleaf Tickseed
5611520,Duss' Tonguefern
6688125,Hall's Biscuitroot
9886567,San Luis Mountain Giant Hyssop
6632435,Bearded Skeletongrass
5807430,Spreading Phlox
5766602,Abietinella Moss
8706597,False Poison Sumac
6605655,Safflower
9462669,Cutleaf Groundcherry
7733604,Honeywort
6431236,Netted Nutrush
7060905,Gisekia
8458916,Yellow Streamers
5816343,Grove Hawthorn
7058481,Dot Lichen
6503730,Rose Globemallow
9893627,Hybrid Oak
7510046,Sorbaronia
9261762,Beard Lichen
7799873,Dunn's Mariposa Lily
6953387,Red Fescue
6360022,Weak Signalgrass
7746926,Coastal Sand Sedge
8820652,Racomitrium Moss
7866790,Mule-ears
6937024,Perfumeballs
7514195,Fendler's Flatsedge
8454345,Dillenia
8703076,Calicoflower
5599601,Eared Rockcress
9440846,Carson Valley Monkeyflower
5726184,Hawai'i Nutrush
5801852,Black Alpine Sedge
6656325,Idaho Phacelia
9114984,Shockley's Desert-thorn
6783604,Butte County Western Rosinweed
6992692,Alpine Mountainsorrel
7894750,Shockley's Goldenhead
9221825,Tangier Pea
9763833,Texas Skullcap
6993700,Seashore Vervain
6409256,Great Basin Brome
5974807,Fissurewort
7266713,Gurney's Yucca
5690938,Cypress-pine
6684176,Sierra Springbeauty
7078637,Kihifern
8432264,Stipitate Lichinella Lichen
7681358,Mexican Homomallium Moss
9274463,Oregon White Oak
7068066,Linanthus
7626397,Tree Groundpine
9261455,Pink Alumroot
9949825,Shortstem Buckwheat
9096008,White Rocklettuce
7337717,Faurie's Club
5777191,Glory Of Texas
9051246,Carolina Foxtail
9531344,Horehound-leaf Nettle
9335076,Pinewoods Drymary
8479683,Munz's Mariposa Lily
5765066,Hall's Bedstraw
7246457,Wrinklewing Springparsley
7585590,Oxford Orange Lichen
6185140,Canby's Lobelia
7081893,Arizona Gumweed
7478550,Steptoe Valley Beardtongue
5965984,Fringed Rockdaisy
5979432,Canadian Blacksnakeroot
6203601,Smooth Brome
7511357,Field Brome
7845268,Apalachicola Toadflax
6014208,Pacific Jewelflower
6744977,Morocco Knapweed
6434673,Bulbophyllum
9432490,Woodrush Sedge
5969012,Starhair Groundcherry
6892139,Torrey's Blue Eyed Mary
6150216,Moluccella
8984482,Puff
9996232,Guaje
8269874,Rinodina Lichen
9707543,Leafy Fleabane
8186672,Yellow Nailwort
8932913,Low Cryptantha
8533312,Woolly Meadowfoam
9451009,False Prairie-clover
6205909,Smallhead Tetramolopium
7448881,Ebbett's Bedstraw
7970632,Asian White Birch
9329384,Safflower
8563020,Acidswamp Yelloweyed Grass
8407945,Fissidens Moss
7792542,Isopterygiopsis Moss
5739349,San Diego Sagewort
9235855,Desert Rose
9232820,Moco De Pavo
6101699,Rinodina Lichen
5672354,Red Dome Blanketflower
7036968,Valamuerto
8572621,Eggyolk Lichen
6134716,Shortspur Seablush
5878135,Clover
6269315,Rocky Mountain Pussytoes
6429797,Obispo Indian Paintbrush
9057619,Forest Spleenwort
8583619,Sonoran Pricklypoppy
8600727,Fringed Amaranth
6742549,Threetip Sagebrush
8671599,Cracked Lichen
5797755,Curveleaf Hypnum Moss
9180811,Wildrye
7637340,Parlin's Dewberry
6574322,Kane County Twinpod
8318447,Zygodon Moss
6585404,Largeseed Forget-me-not
7848554,Water Minerslettuce
8395914,Pitcherplant
6190164,Shasta Tarweed
7099545,Great Sage
9427075,Guinea Bactris
8952757,Weinmannia
8102034,Basil Mountainmint
8297920,Belladonna Lily
8269110,Elegant Calicoflower
9153207,Rattan's Monkeyflower
9334090,Little Hogweed
5559527,Saints Fleabane
7479776,Northern Red Oak
7080444,New Mexico Raspberry
6010455,Scarletfruit Passionflower
8980314,Bare Monkeyflower
8906778,Common Cudweed
6708229,Kingcup Cactus
7898046,Texas Marsh Elder
6765583,Seaport Goosefoot
6483534,Strawberry
9541446,Geysers Panicgrass
6983081,Marsh Milkvetch
6143282,California Skullcap
8165850,Gongylia Lichen
9314225,Wheeler's Disc Lichen
6255471,Roundtip Twinpod
7347473,Mulberry Mistletoe
6153852,Bigelow's Bristlehead
7274904,Ammoniakum
6746462,White Princesplume
9824275,Rock Quillwort
8108402,Desertbroom
9817627,Regel's Chickweed
8181348,Foldwing
6663379,Indian Swampweed
7868877,Zephyrlily
5851791,Monkshood
6930172,Kanawao Ke'oke'o
7342658,Beckwith's Rockcress
7748935,Broadleaf False Buttonweed
5830056,Chinese Lovegrass
8479789,Wyoming Besseya
6146179,Rim Lichen
5704365,Limestone Swamp Bedstraw
5742356,Shortfruit Willow
8594683,Potatotree
8264974,Slimflower Scurfpea
8578441,Denseflower Indian Paintbrush
7207642,Synthlipsis
9696844,Helianthella
8797313,African Jointfir
6698130,Jones' Sedge
6463797,Bryum Moss
7099528,Mexican Homomallium Moss
7910520,Lava Hau Kuahiwi
5704661,Bluntlobe Cliff Fern
6057520,Slender Orcutt Grass
9655083,Globe Fishscale Lichen
8770037,Brownhair Lacefern
9995465,Spotted Lady's Slipper
5933328,Kamchatka Buttercup
8385221,Woodfern
5991037,Olomea
9216201,Lady's Slipper
7973042,Slender Rose Gentian
9576759,Pentalinon
6142793,Uinta Basin Gilia
6753339,Skin Lichen
5608202,Gumtree
9505243,Stevens' Lambsquarters
6774340,Vanda
6895963,Globe Beaksedge
8663436,Common Dogmustard
5835620,Mission Grass
5802545,Godfrey's Goldenaster
7085675,Willamette Navarretia
5563310,Island Orange Lichen
6147459,Twolobe Passionflower
6480740,Hammock Viper's-tail
6108849,Nevada Dustymaiden
5634462,Beefsteakplant
8753539,Afghan Erysimum
8508514,Curtiss' Hoarypea
9939248,White Fringed Orchid
8957763,Depreault's Snow Lichen
9792823,Shortseed Waterwort
7941676,Edwards Plateau Cornsalad
8591051,Banana
5632418,Mucronate Sprangeltop
8548985,Brewer's Fleabane
8640108,Scabland Penstemon
7035058,Narrowleaf Swordfern
6497012,Mat Penstemon
9031437,Hybrid Oak
5761096,Lithographa Lichen
7638375,Musky Stork's Bill
9315038,Creeping Bentgrass
9722254,Siskiyou False Hellebore
6170443,Parrotweed
7061634,Sand Brazos-mint
9299565,Dot Lichen
5709889,Pineland Silkgrass
8488535,Texas Hercules' Club
9459280,Heller's Cieneguillo
9136337,Ashy Sandmat
8725051,Coastal Plain Willow
8798950,Eve's Necklacepod
7558621,Boreal Yarrow
6569541,Dwarf Spleenwort
5865967,Cup Lichen
7771733,Slenderleaf Fleabane
7394446,Bristlecone Pine
9311718,Meesia Moss
8248556,Alpine Jewelflower
8040552,Blackcurly Lichen
6034165,Parmotrema Lichen
7853217,Heartleaf Skullcap
6997496,Tronchuda Cabbage
6575705,Drug Eyebright
9298990,Virgin Thistle
8108075,Kahiliflower
7825928,Idaho Phacelia
9292748,Barwood
9932799,Gum Bully
9363197,Mountain Deathcamas
6900523,Rimmed Lichen
8939534,Blisterwort
6408983,Hybrid Willow
6906022,Low Nutrush
6941901,Bartramiopsis Moss
5619501,Meadow Valley Sandwort
7454873,Murdannia
6744902,Wild Indigo
7423253,Running Fleabane
6890067,Bayrumtree
7388791,Necklace Sedge
6629023,Palamocladium Moss
6697640,Japanese Walnut
6190473,Showy Goldenbanner
6429047,Rough Canada Goldenrod
6584448,Showy Milkweed
6283653,Common Dracunculus
7837724,Spreading Thelypodiopsis
8223541,Carambola
9852751,Coastal Pricklypear
7294220,Common Madia
7765408,Autumn Olive
7365336,Tortella Moss
9459592,Wart Lichen
8353123,Marsh Seedbox
6073264,Angel's-wings
6091561,Sarcogyne Lichen
9885212,Shadscale Saltbush
8306603,False Chicken-sage
6812452,Purple Pricklypear
7659587,Splitleaf Gilia
5631897,Ragged Marsh-elder
9430422,Sandgrass
5838200,Aleutian Wildrye
9475221,Guatemalan Indigo
7067905,Parish's Nightshade
6986710,Oniongrass
9380535,Manyflowered Stoneseed
7087394,Ouachita Mountain Goldenrod
8731661,Cynodontium Moss
9198887,Rockbank Midsorus Fern
7418242,Small's Flax
6869887,Pore Lichen
9177258,Florida Clover Ash
9471756,Western Arctic Shootingstar
9149304,Verrucose Seapurslane
8616416,Pasqueflower
8109173,Suksdorfia
8511521,Smooth False Indigo
6578037,Fleshy Beardtongue
9638652,Fir
6771273,Alternateleaf Dogwood
6127153,Hirtella
5886053,Spanish Thyme
8017792,Apple Blossom
9918755,Kenwood Marsh Checkerbloom
9074251,Needle's Buckwheat
6036033,Common Velvetgrass
9699622,Largeleaf Pennywort
9144596,Softhair Marbleseed
6124265,Hunzikeria
8482604,Wright's Indian Mallow
7898023,Branched Lagophylla
6972218,Green Prairie Coneflower
6032619,Pitseed Goosefoot
6995183,Flor De Pasmo
7193708,Beehive Cactus
6956670,Curtis' Disc Lichen
9816007,Whorled Marshpennywort
9270164,Makole
8214067,Transvaal Daisy
5924003,Lindheimer's Ticktrefoil
7417207,Whiteflower Cinquefoil
9041575,Perennial Horsegram
7673986,Psophocarpus
7856267,Texas Madrone
7414946,Desert Stingbush
5639587,California Bearpoppy
7223930,Jones' Columbine
6155810,Royal Lipfern
9352238,Sharsmith's Draba
7745095,Lemon Lichen
9080389,Pygmy Gentian
7150126,Baden's Bluegrass
6129555,Low Flatsedge
6936501,Jackfruit
7820646,Puerto Rico Helmet Orchid
7618949,Clibadium
7294899,Leafy Raillardiopsis
6754088,Mohican Trail Dewberry
7450522,Sapphire Woollystar
7359504,Greene's Milkweed
9484073,Underwood's Stopper
9086679,Bridger Mountain Alumroot
6827044,Durango Tumblemustard
7944725,Opal Phlox
7058177,Coontie
7099758,Chalk Maple
8532667,Wiegand's Sedge
8210158,Prieur's Umbrellagrass
7196241,Longleaf Phlox
9621285,Leche De Perra
8552767,Aspalathus
6625127,Common Yarrow
5804946,Clubmoss
6582646,Pygmy Poppy
7720889,Rooting Chainfern
7837230,Desert Spikemoss
8761304,Woodland Sage
9989783,Tubular Bluestar
6604162,Jones' Columbine
6088597,Mountain Snowberry
9263269,Calibrachoa
8690016,Hoary Skullcap
7864563,Kaempferia
9844832,American Globeflower
5994299,Elliott's Croton
9721744,Kearney's Sumac
9298788,Yerba Mansa
9747373,Alpine Lewisia
5865483,Male Fern
8742043,Elliott's Rush
9908067,Summer Coralroot
9082881,Channel Island Poppy
9913646,Wilman Lovegrass
7917719,Wiggins' Cryptantha
7758291,Alsinidendron
6844792,Oneflower Helianthella
8842525,Cordyla
6836169,Waterlily
6457251,Creeping Lettuce
5938074,Kuawawaenohu
7962664,Goatgrass
9468410,Wild Indigo
9834547,Grimmia Dry Rock Moss
8305047,Santa Lucia Phacelia
9355008,Southern Bush Honeysuckle
9060616,Cold Crabseye Lichen
6129653,Rice Button Aster
7503599,Carolina Desert-chicory
8824653,Showy Medinilla
8685714,Disc Lichen
5866981,Weakstem Cryptantha
9003779,Needlegrass
8078366,Senna
9326126,Bryum Moss
9760819,Clustered Lady's-mantle
6701057,Longleaf Buckwheat
6235111,Hentz's Phlox
5565155,Mycomicrothelia Lichen
8783620,Thymeleaf Sandwort
6549278,Bigleaf Crownbeard
8977162,Broad-leaf Sweetleaf
7299442,Rimmed Lichen
6144836,Ontario Blazing Star
9518848,Lespedeza
8070531,California Penstemon
8539415,Stiff Clubmoss
6106812,Cliffface Catchfly
8623306,Dotted Lichen
7857132,Oregon Sphagnum
9621358,Sharp-tooth Buckthorn
5770785,Pochote
9522755,Broomstick
7699720,Smooth Sumac
8647145,Collared Annual Lupine
5780463,Eastwood's Sandwort
7349635,Parasite Syrrhopodon Moss
7861366,Datura
6427290,Cup Lichen
9536640,Texan Hogplum
5852378,Wax Currant
8609905,Chamisso Arnica
8865041,Tall Thimbleweed
5603614,Siskiyou Milkvetch
7100794,Macdougal's Indian Parsley
5772582,Lead Lichen
8682440,Tiny Bristle Fern
7926004,Cusick's Bluegrass
9329179,Brewer's Sedge
8376228,Hualalai Hau Kuahiwi
7681970,Air Yam
5917624,Blackseed Spurge
7479657,Arizona Hedgehog Cactus
6793211,Maraca Roja
6725567,Ogden's Pondweed
6271665,Appalachian Polytrichum Moss
7699538,Tea
7472905,Whorled Sunflower
9772352,Sonoran Milkvine
5931876,Hawai'i Sedge
9321383,Puerto Rico Palo De Gallina
8486902,Molokai Islandmint
9599599,Boldingh's Dodder
9654019,Indian Camphorweed
8240304,Barr's Milkvetch
7425386,Petiolate Beardtongue
9888127,Hybrid Oak
7835463,Acute Brachythecium Moss
5991686,Swan's Sedge
7413839,Bulbous Adderstongue
5994615,Littleflower Figwort
9056348,Wirestem Buckwheat
6709598,Hitchcock's Smooth Woodrush
8365153,Horungia
8693404,Weak Signalgrass
6776094,Alaskan Giant Shield Lichen
9826497,Slender Panicgrass
9306860,Viscid Mallow
5789007,Seep Arnica
7111080,Dense Blazing Star
5884392,California Manroot
8073237,Lake Huron Tansy
8708494,Chaparral Pea
6941019,Yellow Avalanche-lily
6818735,Snow Gentian
7879898,Yerba Mansa
8378275,Psophocarpus
8625458,Goldenrain Tree
6572972,Hartz's Bluegrass
8769370,Gravel Milkvetch
9872338,Bourbon Rose
9832897,Ipomopsis
5589746,Desert Marigold
8189263,Carolina Laurelcherry
6166646,Alabama Croton
6410680,Sweet Four O'clock
8388685,Dwarfflower Heartleaf
6682502,Rimmed Lichen
7162041,Feltleaf Bluestar
8906669,Varital
6283942,Purple Deadnettle
8559972,Swamp Verbena
9248264,Sugarcane
8703612,Mucronate Sprangletop
7750396,Arsenic Bush
6470543,Cusick's Bluegrass
8966195,Hassler's Noddingcaps
8466256,Paradise Tansymustard
9039806,Glowing Nightshade
9137067,Sharpscale Sedge
9014371,Pygmy Racomitrium Moss
9303127,Andreaea Moss
5810940,Wild Cassia
8226045,Yellow Saxifrage
7701809,Sedge
7716857,Arctic Cinquefoil
5717461,Bushy Bluestem
9360411,Maidenhair Creeper
7886517,Pacific Alpine Wormwood
6143669,Teta De Burra Cinarron
7166223,Cornflag
8576061,Bruguiera
6892171,Beach Naupaka
8723425,Montane Coneflower
8338716,Girard's Thyrea Lichen
6504438,Jaeger's Beardtongue
7528557,Q-tips
6345329,Leiberg's Waterlily
8497667,Pinkthroat Morning-glory
9225409,Greenwhite Sedge
7854369,Paperbush
9084552,Heartleaf Skullcap
6088300,Cows Clover
7346996,Wideleaf Pinelandcress
8344578,Kellogg's Lewisia
9452504,Yellow Sedge
9384604,Parmotrema Lichen
6607860,Dimple Lichen
8603812,Appalachian Blazing Star
9866898,Strict Blue-eyed Grass
7321661,Idaho Trillium
9843345,Rim Lichen
6383311,Woodland Forget-me-not
7788442,Selby's Rockcress
9570638,Mata De Mariposa
8630095,California Laurel
7234549,Manchineel
9386356,Creeping Lettuce
9712954,Maricao River Hempvine
5648609,Beautiful Indian Paintbrush
6166635,Meadow Geranium
7483461,Sessileflower False Goldenaster
7590211,Silkvine
7251087,Pygmy Leach Orchid
6393451,Yellow Phacelia
8283959,Pitted Lichen
7688082,Yellow Rabbitbrush
6514990,Flypoison
7854203,Scleropodium Moss
7503885,Southern Magnolia
6690211,Missouri Blackberry
7849532,Flannelbush
5613313,Smoothstem Blazingstar
7028845,Olympic Onion
6510665,Oblongleaf False Pennyroyal
8133278,Chocolate Vine
5775643,Tortula Moss
6449661,Coralbean
8378427,Southern Annual Saltmarsh Aster
8380859,Coastal Bedstraw
6858642,Transmontane Gilia
8405076,Wheatgrass
7834613,Chihuahuan Waterclover
8692977,Sarah's Buckwheat
5961644,Japanese Walnut
8952615,Blindeyes
7357924,False Hop Sedge
8097589,Rayless Tansyaster
6595721,Westwater Buckwheat
8122460,Broadleaf Lupine
7433171,Blueflower Butterwort
7751974,Barnes' Eurhynchium Moss
8703488,Toria
6852152,Gordonia
6963162,Lemonyellow False Goldenaster
7799847,Fringedfern
9833515,California Strawberry
9017430,Pitted Onion
6081212,Nevada Oryctes
8507046,Cima Milkvetch
6218557,Mearns' Neonotonia
8148845,Hairy Sunflower
6183380,American Columbo
7404027,Pore Lichen
6733862,Oahu Flatsedge
9016340,Lori's Columbine
7198165,Mangabeira
6121904,Harvestbells
5787284,American Trailplant
8768168,Maguire's Lewisia
9060208,Sagebrush Violet
8320626,Star Coccocarpia Lichen
6838412,Common Chickweed
6967347,Sitka Mountain Ash
9233431,Double Edge Maidenhair
5759714,Swamplily
5646191,Pincushions
8651401,Cogswell's Hawthorn
9174368,White Insideout Flower
7630182,Map Lichen
8581792,Bluestem Yucca
9871370,Navel Lichen
7759258,Dense Blazing Star
6999964,Green Gentian
8595786,Leandra
9963879,New Mexico Bird's-foot Trefoil
5606232,Restharrow
7389841,Blue Gem
7171944,Amblyodon Moss
8922668,Kansas Peccania Lichen
8740838,Hairy Goldenrod
9206126,Wingseed Blazingstar
7687651,Hairy Horsebrush
7032982,Ceratodon Moss
6399066,Shining Blazingstar
7594438,Boxelder
7342775,Oblong Bluecurls
8197539,Pina Cortadora
5741706,Tomentypnum Moss
9222637,Twining Snoutbean
9886149,Island Pea
9203140,Argentine Screwbean
9729222,Arumleaf Arrowhead
6869848,Shockley's Rockcress
6824917,Rape
6646257,Shade Phacelia
5701170,Low Spikesedge
9209182,Virginia Wildrye
7378839,Broadleaved Pepperweed
7176480,Burk's Smooth Rockcress
6593116,Meadow Bird's-foot Trefoil
8193839,Louisiana Wakerobin
6469252,Strigose Bird's-foot Trefoil
9788512,Traveler's Delight
9763390,Aleutian Rim Lichen
9674632,Sage
7232743,Meesia Moss
5738280,Louisiana Vetch
8922120,Narrowleaf Clubmoss
7325575,Toothed Five Eyes
9965550,Park Rockcress
6538447,Greater Creeping Rush
5848039,Riverbank Wildrye
6697230,Dirinaria Lichen
5769878,Ixbut
5638892,Oahu Lovegrass
9580843,Santa Barbara Honeysuckle
6320331,Florida Beargrass
7013147,Antelope Grass
6527028,Downy Desert-thorn
7630801,Burnet Ragwort
9200136,Austin Knotweed
6437491,Idaho Pennycress
9834930,Christplant
6082059,Bush Vetch
7234625,Linanthus
7718722,Pallas' Wallflower
9518657,Bird's-foot Trefoil
8624866,Kosteletzkya
9350189,Narrowleaf Trefoil
7386537,Summer Sedge
9375945,Beach Naupaka
7536764,Plantainleaf Halberd Fern
7164080,Eggers' Milkpea
7751470,Lancepod
6632397,Needlegrass
8597337,Andean Prairie Clover
5855301,Milkflower Cotoneaster
8362347,Shortstalk False Bindweed
7019938,Pinkflower Bindweed
6285456,Script Lichen
7007474,Myall Acacia
9918717,Crested Dogstail Grass
9266510,Clearwater Cryptantha
7673435,Madamfate
9381382,Anomalous Cola
7639475,Navelwort
9198764,Eucalyptus
8325554,Rough Barnyardgrass
8419348,Broom Cupflower
9492841,Alternateleaf Dogwood
5695837,European Milkvetch
7590194,Common Grape Hyacinth
9401379,Sticky Gilia
7630757,Arizona Baccharis
6448705,Chia
6486135,Granite Draba
7882624,Parish's Yampah
6417421,Texas Snakecotton
7439626,Lavaflow Nehe
5706749,Volcanic Gilia
8387672,Scarlet Vetch
9088363,Virginia Strawberry
9528910,Gum Ghatti
7693052,Hoffmann's Nightshade
6247180,Mountain Guava
9132978,Turpentine Weed
6146412,Needle Spikerush
7318951,Himalayan Cypress
8549441,Vanclevea
9490482,Danish Scurvygrass
5997614,Skin Lichen
9073583,Rinodina Lichen
6654825,Huachuca Mountain Milkwort
9062475,Fendler's Springparsley
9199629,Mexican Grass
8801692,Sierra Bluecup
7111787,California Sarcogyne Lichen
6646875,Pondweed
6359277,Needlegrass Rush
7705019,Narrowleaf Cowwheat
6020426,Craterostigma
9838716,Schofield's Andreaea Moss
8612830,Arctic Sweet Coltsfoot
9022893,Hypnum Moss
7810237,Wind River Rockcress
5717858,Dotted Polypody
8171296,Rattan's Phacelia
7096759,Wavy Filmy Fern
9298229,Beatley's Phacelia
7259131,Lady Lupine
7970232,Glacier Buttercup
6863096,Cylindric Navel Lichen
6142086,Rinodina Lichen
9487084,Bolander's Peltula Lichen
8417467,Clustered Frostweed
9653319,Fendler's Threeawn
9713625,Greenland Dicranum Moss
9164022,Kellogg's Dwarf Rush
7284150,Low False Bindweed
9091539,Orange Milkwort
6105538,Hill's Pondweed
6020653,Mountain Muhly
9712525,Darlingplum
7723823,Gingerleaf Cyanea
6330464,Boreal Locoweed
8654629,James' Cryptantha
6660670,Sticky Monkeyflower
6666094,Yellow Anisetree
5813051,Tall Rattlesnakeroot
7691919,Dakota Mock Vervain
8254258,San Jacinto Prickly Phlox
7853325,Desert Honeysuckle
5658470,Bolander's Silene
8252174,Scalloped Laceleaf
9670612,Appalachian Sedge
