PublicationID,Title,DatePub,Journal,LeadAuthorID
200001,weather.com,10/31/2020,Oregon Health Sciences University,10093
200002,123-reg.co.uk,5/14/2020,Universidad Nacional de Lomas de Zamora,10233
200003,wikispaces.com,2/2/2021,"University of Wales, Swansea",10092
200004,examiner.com,12/27/2020,Universidad de Sonsonate,10790
200005,technorati.com,12/9/2020,Ewha Women's University,10022
200006,comsenz.com,11/16/2020,Universitas Terbuka Indonesia,10675
200007,last.fm,12/16/2020,Gomel State University Francisk Scarnia,10589
200008,abc.net.au,3/2/2021,University of Oklahoma,10481
200009,google.pl,3/28/2021,Universität Dortmund,10312
200010,addthis.com,11/11/2020,Hokkaido Institute of Technology,10632
200011,dyndns.org,4/13/2021,Ondokuz Mayis University Samsun,10496
200012,netlog.com,1/29/2021,La Roche College,10687
200013,lycos.com,1/3/2021,Université Abdelmalek Essadi,10019
200014,myspace.com,1/12/2021,Jilin University,10558
200015,networksolutions.com,10/6/2020,United Arab Emirates University,10769
200016,rakuten.co.jp,9/1/2020,Seisen University,10823
200017,trellian.com,3/27/2021,California University of Management and Sciences,10544
200018,bluehost.com,12/9/2020,Universidad Iberoamericana,10243
200019,tamu.edu,10/16/2020,National Taiwan Ocean University,10592
200020,bing.com,1/17/2021,Ross University Caribbean School of Medicine,10791
200021,slashdot.org,10/6/2020,Shizuoka Prefectural University,10389
200022,bluehost.com,5/4/2020,Centro Universitario Ciudad Vieja,10741
200023,bravesites.com,11/27/2020,"Institute of Teachers Education, Islamic Education",10818
200024,army.mil,10/25/2020,Universidad Técnica de Cotopaxi,10866
200025,mac.com,3/18/2021,Universidad Autonoma de Chiriqui,10116
200026,oakley.com,10/31/2020,Universidade do Algarve,10846
200027,ezinearticles.com,4/11/2021,Solapur University,10279
200028,reference.com,12/16/2020,University of Somalia,10115
200029,oaic.gov.au,1/3/2021,Philippine Military Academy,10787
200030,washington.edu,10/5/2020,Wollega University,10690
200031,jiathis.com,2/22/2021,Applied Science University,10910
200032,webmd.com,10/7/2020,Universidad de Tarapacá,10859
200033,imageshack.us,12/8/2020,"Islamic Azad University, Sowmesara",10037
200034,state.tx.us,8/10/2020,Universidad del Sinú,10898
200035,wikipedia.org,2/28/2021,Miyazaki University,10861
200036,patch.com,7/21/2020,Egerton University,10866
200037,tiny.cc,7/13/2020,Université d'Alger,10980
200038,cnbc.com,7/11/2020,Cumberland College,10977
200039,blogger.com,5/18/2020,"Jain University, Centre for Management Studies",10599
200040,si.edu,10/28/2020,Binh Duong University,10215
200041,army.mil,11/8/2020,Universidad de Occidente,10588
200042,sourceforge.net,6/12/2020,Yan'an University,10801
200043,flickr.com,5/10/2020,Duke University,10858
200044,digg.com,4/19/2021,West University of Timisoara,10450
200045,globo.com,7/10/2020,Voronezh State Academy of Technology,10029
200046,dell.com,4/13/2021,Pontificia Universidad Católica del Perú,10142
200047,youtube.com,5/9/2020,University of Witwatersrand,10490
200048,t-online.de,2/3/2021,Belarussian State Medical University,10530
200049,tripadvisor.com,11/26/2020,National Medical University O.O. Bogomolets,10321
200050,dailymail.co.uk,7/13/2020,Goucher College,10825
200051,tuttocitta.it,12/10/2020,Mar Athanasios College for Advanced Studies,10034
200052,fema.gov,10/31/2020,East China Jiao Tong University,10577
200053,github.io,2/26/2021,Universidad Peruana Cayetano Heredia,10791
200054,marriott.com,11/19/2020,Australian National University,10898
200055,4shared.com,2/27/2021,European School of Economics,10984
200056,bluehost.com,6/21/2020,Université de Sétif,10857
200057,amazon.co.jp,4/20/2021,Rasmussen College,10622
200058,mapy.cz,9/18/2020,Universidade Tiradentes,10521
200059,edublogs.org,11/4/2020,Gifu Women's University,10493
200060,ftc.gov,5/31/2020,Universitas Andalas,10323
200061,admin.ch,9/22/2020,Kanazawa Institute of Technology,10938
200062,illinois.edu,9/23/2020,Ishik University,10365
200063,vk.com,5/30/2020,Institute of Industrial Electronics Engineering,10072
200064,istockphoto.com,6/15/2020,Bankura University,10599
200065,ning.com,3/23/2021,Merlimau Polytechnic,10239
200066,myspace.com,9/6/2020,Athens State College,10325
200067,nbcnews.com,7/30/2020,Tabriz University,10587
200068,dion.ne.jp,2/25/2021,University of the Visual & Performing Arts,10319
200069,instagram.com,5/30/2020,Holy Apostles College,10349
200070,theguardian.com,10/13/2020,Southeast Missouri State University,10565
200071,google.co.jp,11/26/2020,"Fachhochschule Pforzheim, Hochschule für Gestaltung, Technik und Wirtschaft",10226
200072,deliciousdays.com,3/5/2021,Tbilisi State University,10156
200073,51.la,7/4/2020,"Universidad de La Salle, Bajío",10517
200074,ucsd.edu,5/28/2020,High Point University,10057
200075,linkedin.com,12/14/2020,"University of Wales, Bangor",10409
200076,mtv.com,12/16/2020,Universidad Politécnica de El Salvador,10860
200077,guardian.co.uk,8/14/2020,Al-Isra University,10972
200078,github.io,4/1/2021,Messiah College,10937
200079,wikimedia.org,4/9/2021,King Abdullah University of Science and Technology ,10868
200080,npr.org,11/21/2020,Universidad Metropolitana de Asunción,10093
200081,columbia.edu,10/3/2020,Université d'Antsiranana,10305
200082,ted.com,6/15/2020,Universidade do Vale do Itajaí,10408
200083,hud.gov,7/17/2020,Detroit College of Business - Warren,10479
200084,sogou.com,1/5/2021,Universidad Central del Caribe,10002
200085,newyorker.com,6/11/2020,Université de Skikda,10125
200086,bbc.co.uk,8/4/2020,Universitas Negeri Yogyakarta,10294
200087,fastcompany.com,5/29/2020,Bugema University,10925
200088,bbc.co.uk,7/18/2020,Universidad Nacional de Luján,10705
200089,smugmug.com,2/16/2021,Universidade de Alfenas,10119
200090,mashable.com,1/17/2021,Aichi Gakuin University,10765
200091,studiopress.com,3/29/2021,Moravian College,10573
200092,tinypic.com,11/9/2020,Medical Academy in Lodz,10523
200093,furl.net,2/14/2021,Nanjing University of Chemical Technology,10299
200094,mysql.com,10/27/2020,Vietnam National University Ho Chi Minh City,10283
200095,clickbank.net,9/24/2020,Kobe International University,10238
200096,oaic.gov.au,4/25/2021,Wheaton College Massachusetts,10770
200097,google.co.jp,11/28/2020,University of Michigan - Ann Arbor,10296
200098,stanford.edu,2/28/2021,Ecole Supérieure Internationale d'Administration des Entreprises,10750
200099,nps.gov,12/28/2020,Nagoya Women's University,10209
200100,biglobe.ne.jp,11/1/2020,Seigakuin University,10720
200101,newsvine.com,10/2/2020,Ghana Telecom University College,10227
200102,wikimedia.org,6/1/2020,University of Agriculture Faisalabad,10738
200103,163.com,1/27/2021,University of Zagreb,10936
200104,admin.ch,3/3/2021,University of Kashmir,10577
200105,seattletimes.com,10/30/2020,Universidade de Cruz Alta,10308
200106,xing.com,10/19/2020,University of Bedfordshire,10355
200107,shareasale.com,5/22/2020,Lagos State University,10638
200108,gravatar.com,8/7/2020,National Kaohsiung Normal University,10424
200109,nsw.gov.au,5/31/2020,Gdynia Maritime Academy,10192
200110,home.pl,8/9/2020,Research College of Nursing - Rockhurst University,10634
200111,digg.com,7/23/2020,University of Debrecen ,10818
200112,biglobe.ne.jp,8/23/2020,"Universidad de Artes, Ciencias y Comunicación",10111
200113,java.com,8/2/2020,Hagerstown Community College,10783
200114,jalbum.net,12/28/2020,Oklahoma State University - Tulsa,10835
200115,constantcontact.com,4/27/2020,Zetech College,10106
200116,myspace.com,1/20/2021,University of Chieti,10477
200117,ocn.ne.jp,7/27/2020,Tougaloo College,10091
200118,webeden.co.uk,7/9/2020, Technological University (Yangon),10760
200119,de.vu,9/9/2020,"City University of New York, Lehman College",10378
200120,tripod.com,10/18/2020,Texas College,10606
200121,exblog.jp,6/4/2020,Lebanese University,10231
200122,wisc.edu,2/12/2021,University of St. Cyril and Methodius in Trnava,10457
200123,microsoft.com,11/20/2020,Gondar University,10420
200124,opera.com,9/1/2020,"Ecole Européenne de Chimie, Polymères et Matériaux de Strasbourg",10164
200125,princeton.edu,1/18/2021,High Institute for Banking & Financial Studies,10500
200126,cisco.com,10/4/2020,Adigrat University,10241
200127,reuters.com,12/14/2020,Bridgewater College,10824
200128,wikimedia.org,11/1/2020,Ama International University,10635
200129,ucsd.edu,5/7/2020,The World Islamic Sciences & Education University,10127
200130,vimeo.com,3/18/2021,Fujian Agricultural University,10076
200131,51.la,1/15/2021,Koc University,10199
200132,kickstarter.com,4/14/2021,Park College,10664
200133,opera.com,2/22/2021,Nishikyushu University,10079
200134,ted.com,5/12/2020,Universidad NUR,10678
200135,harvard.edu,8/24/2020,Nova Scotia College of Art and Design,10067
200136,google.fr,8/4/2020,Libya Open University,10114
200137,newyorker.com,7/29/2020,University of Bucharest,10208
200138,jiathis.com,2/6/2021,Effat College,10393
200139,ibm.com,2/13/2021,Power and Water Institute of Technology,10238
200140,bandcamp.com,7/21/2020,Chinese People's Public Security University,10456
200141,merriam-webster.com,2/28/2021,Universidad del Magdalena,10579
200142,upenn.edu,3/23/2021,University of Tulsa,10065
200143,discuz.net,11/19/2020,Université de Blida,10606
200144,tiny.cc,7/18/2020,Belarussian State Technological University,10167
200145,cnet.com,5/2/2020,Universidad La Gran Colombia,10983
200146,altervista.org,3/8/2021,Kushiro Public University of Economics,10630
200147,sogou.com,8/30/2020,Lviv National University Ivan Franko,10510
200148,umn.edu,12/25/2020,Universidade Regional Integrada do Alto Uruguai e das Missões,10578
200149,tripod.com,5/1/2020,College of Visual Arts,10070
200150,ted.com,11/15/2020,Universidad Xicotepetl,10035
200151,dyndns.org,1/2/2021,Shri Jagannath Sanskrit University,10454
200152,japanpost.jp,11/24/2020,Western Maryland College,10063
200153,ebay.com,3/10/2021,University of Turin,10881
200154,linkedin.com,12/11/2020,Polytechnic Institute of Milan,10486
200155,networkadvertising.org,1/9/2021,University of Newcastle,10591
200156,google.ru,3/31/2021,Teikyo Heisei University,10491
200157,photobucket.com,2/19/2021,Bradley University,10314
200158,opera.com,11/16/2020,University of Tartu,10296
200159,purevolume.com,1/10/2021,Shanghai University of Science and Technology,10229
200160,live.com,8/2/2020,Gulhane Military Medical Academy,10985
200161,drupal.org,1/31/2021,"Schiller International University, Madrid",10156
200162,barnesandnoble.com,12/16/2020,Universidad de Bologna - Representación en Buenos Aires,10109
200163,springer.com,7/13/2020,University of Bedfordshire,10374
200164,europa.eu,6/22/2020,"Indian Institute of Technology, Kanpur",10075
200165,w3.org,2/2/2021,Simmons College,10628
200166,slate.com,1/21/2021,Universidad Autónoma Metropolitana,10181
200167,goo.gl,8/29/2020,Turku School of Economics and Business Administration,10621
200168,comcast.net,5/5/2020,King Mongkut's University of Technology Thonburi,10440
200169,deviantart.com,9/23/2020,University of Arkansas (System),10591
200170,npr.org,6/7/2020,Bindura University of Science Education,10201
200171,deviantart.com,6/30/2020,Beijing Forestry University,10760
200172,opera.com,7/12/2020,Universidad Centroamericana,10623
200173,cornell.edu,12/15/2020,Tyumen State Agricultural Academy,10669
200174,psu.edu,8/6/2020,Jiaying University,10880
200175,geocities.com,9/5/2020,Northern Arizona University,10177
200176,nationalgeographic.com,1/7/2021,Technical University of Kenya,10505
200177,ted.com,5/24/2020,Yashawantrao Chavan Maharashtra Open University,10355
200178,blogs.com,6/6/2020,Nizhny Novgorod State University,10139
200179,geocities.jp,11/19/2020,Belhaven College,10729
200180,slideshare.net,7/12/2020,University of Kerala,10912
200181,apple.com,12/6/2020,Universidad Politécnica de Valencia,10929
200182,umn.edu,11/15/2020,China University of Geoscience Beijing,10528
200183,typepad.com,7/9/2020,International Burch University,10103
200184,smugmug.com,4/6/2021,Valahia University of Targoviste,10604
200185,geocities.com,3/28/2021,Tibet University of Nationalities,10375
200186,so-net.ne.jp,8/16/2020,University of Basrah,10690
200187,miibeian.gov.cn,9/3/2020,Tokyo Keizai University,10298
200188,163.com,6/22/2020,Universitas Diponegoro,10296
200189,chicagotribune.com,6/26/2020,Nagpur University,10614
200190,devhub.com,8/31/2020,Ross University Caribbean School of Veterinary Medicine,10431
200191,nsw.gov.au,12/23/2020,Universitas Kristen Maranatha,10759
200192,geocities.com,10/8/2020,Université Alioune Diop de Bambey,10885
200193,dyndns.org,5/5/2020,University of West Hungary,10283
200194,seesaa.net,3/28/2021,China University of Geoscience Beijing,10457
200195,simplemachines.org,11/25/2020,Tamil Nadu Veterinary and Animal Sciences University,10037
200196,ftc.gov,7/6/2020,Politeknik Negeri Pontianak,10786
200197,addthis.com,10/6/2020,Wilfrid Laurier University,10066
200198,ifeng.com,6/30/2020,University of West Bohemia,10645
200199,princeton.edu,10/29/2020,Minia University,10990
200200,amazon.co.uk,10/2/2020,Pandit Ravi Shankar Shukla University,10761
200201,psu.edu,1/3/2021,Thomas College Maine,10474
200202,yellowbook.com,9/18/2020,Tokyo Metropolitan Institute of Technology,10928
200203,epa.gov,9/13/2020,"New Era College of Arts, Science & Technology",10510
200204,cmu.edu,11/1/2020,Punjab Technical University,10103
200205,baidu.com,12/19/2020,Colorado Christian University,10426
200206,washington.edu,2/14/2021,Universidad Nacional de La Matanza,10922
200207,blog.com,10/6/2020,Yamagata University,10404
200208,etsy.com,6/10/2020,Kyungpook National University,10858
200209,zdnet.com,9/27/2020,South East European University,10923
200210,cam.ac.uk,4/18/2021,Université du Havre,10131
200211,is.gd,3/1/2021,Pfeiffer University,10339
200212,cocolog-nifty.com,9/10/2020,Uzhgorod National University,10725
200213,drupal.org,3/5/2021,Federal University of Petroleum Resources,10788
200214,ihg.com,4/13/2021,Knowledge International University,10178
200215,shareasale.com,9/7/2020,St. Bernard's Institute,10254
200216,zimbio.com,3/22/2021,Universiti Tenaga Nasional,10051
200217,weather.com,2/13/2021,Hehai University,10336
200218,hc360.com,5/21/2020,"Fachhochschule Westküste, Hochschule für Wirtschaft und Technik",10455
200219,time.com,3/18/2021,Pwani University,10214
200220,dailymotion.com,10/8/2020,Ecole Nationale Supérieure de Chimie et de Physique de Bordeaux,10306
200221,arizona.edu,11/21/2020,Ecole Nationale Supérieur de Mécanique et d'Aéronautique,10121
200222,fc2.com,4/19/2021,Central University College,10479
200223,ibm.com,6/3/2020,University of Georgia,10523
200224,gravatar.com,6/9/2020,Melaka Islamic University College,10861
200225,sciencedirect.com,8/2/2020,"University of Korca ""Fan Noli""",10192
200226,nasa.gov,9/7/2020,Shiraz University of Medical Sciences,10230
200227,dailymail.co.uk,6/24/2020,Singapore Management University,10507
200228,github.com,1/24/2021,University of Durham,10075
200229,sciencedaily.com,5/26/2020,Sakhalin State University,10909
200230,wikimedia.org,3/27/2021,China University of Geosciences Wuhan,10786
200231,virginia.edu,11/6/2020,German University in Cairo,10723
200232,microsoft.com,3/12/2021,College of the Holy Cross,10388
200233,uol.com.br,12/5/2020,Arkansas State University,10126
200234,ebay.com,8/11/2020,"University of Moncton, Edmundston",10548
200235,moonfruit.com,2/16/2021,Allameh Tabatabaie University,10994
200236,networkadvertising.org,10/12/2020,Viterbo State University,10386
200237,usda.gov,2/5/2021,Beijing Polytechnic University,10574
200238,ifeng.com,4/19/2021,"Fachhochschule Biberach, Hochschule für Bauwesen und Wirtschaft",10559
200239,mozilla.org,11/7/2020,Universidad Dr. Andreas Bello,10301
200240,vinaora.com,4/18/2021,Thaksin University,10517
200241,altervista.org,4/24/2021,Islamic University of Medinah,10560
200242,ft.com,2/14/2021,University of Khartoum,10303
200243,mayoclinic.com,9/2/2020,University of Kurdistan - Hawler,10583
200244,smugmug.com,11/26/2020,Universitas Darma Persada,10417
200245,msn.com,6/24/2020,Fachhochschule Niederrhein,10441
200246,imdb.com,1/28/2021,Ecole pour les Etudes et la Recherche en Informatique et Electronique,10963
200247,cpanel.net,7/23/2020,Universidad de Aquino Bolivia,10368
200248,youtube.com,1/17/2021,Swinburne University of Technology,10990
200249,upenn.edu,12/12/2020,Universidad Nacional de Cuyo,10060
200250,redcross.org,3/26/2021,Gurukula Kangri University,10469
200251,surveymonkey.com,5/28/2020,Universidad Nacional de Catamarca,10704
200252,usa.gov,3/1/2021,National Pingtung Teachers College,10499
200253,xrea.com,8/23/2020,Sindh Madressatul Islam University,10169
200254,dedecms.com,1/2/2021,Sokoto State University ,10410
200255,abc.net.au,10/10/2020,Chonju National University of Education,10826
200256,bandcamp.com,8/3/2020,National Institute of Fitness and Sports Kanoya,10307
200257,wix.com,1/1/2021,"Islamic Azad University, Mahshar",10385
200258,cdbaby.com,9/18/2020,Universidade para o Desenvolvimento do Alto Vale do Itajaí,10375
200259,berkeley.edu,3/5/2021,National Theatre Conservatory,10872
200260,homestead.com,3/20/2021,Chongqing Vocational College of Public Transportation,10015
200261,privacy.gov.au,1/7/2021,China Pharmaceutical University Nanjing,10757
200262,elegantthemes.com,7/26/2020,Universidad Arcis,10172
200263,vk.com,6/3/2020,Shanghai Sanda University,10507
200264,cnn.com,2/25/2021,Bard Graduate Center for Studies in the Decorative Arts,10279
200265,ucoz.ru,8/21/2020,Instituto Tecnológico Autonómo de México,10894
200266,angelfire.com,8/6/2020,International School of Management ISM Dortmund,10546
200267,princeton.edu,11/5/2020,King Saud bin Abdulaziz University for Health Sciences ,10301
200268,admin.ch,7/13/2020,Angeles University,10166
200269,senate.gov,10/12/2020,Naif Arab University for Security Sciences,10371
200270,washingtonpost.com,1/28/2021,"CollegeAmerica, Denver",10053
200271,gizmodo.com,5/5/2020,University of Cagayan Valley,10482
200272,nih.gov,6/4/2020,Western Connecticut State University,10813
200273,pen.io,5/2/2020,Ecole Nationale Supérieure d'Ingénieurs de Génie Chimique,10967
200274,google.cn,7/23/2020,State University of New York College at Cortland,10877
200275,rambler.ru,11/25/2020,Accra Polytechnic ,10429
200276,newyorker.com,7/22/2020,Art Center College of Design,10787
200277,dedecms.com,11/8/2020,National Taiwan University of Science and Technology,10990
200278,meetup.com,3/30/2021,Instituto Politécnico de Santarém,10862
200279,e-recht24.de,2/11/2021,Neumann College,10236
200280,examiner.com,9/29/2020,Universidad Nacional Experimental de Guayana,10294
200281,themeforest.net,3/24/2021,Universidad de Salamanca,10209
200282,thetimes.co.uk,8/15/2020,"Universidad Nacional de la Patagonia ""San Juan Bosco""",10170
200283,ustream.tv,1/31/2021,University of Hormozgan,10472
200284,macromedia.com,5/14/2020,Lock Haven University of Pennsylvania,10445
200285,ning.com,9/17/2020,"Institute of Teachers Education, Tawau",10447
200286,biblegateway.com,11/5/2020,Kiev National Economic University Named after Vadym Hetman,10331
200287,mashable.com,11/28/2020,Universidad de Málaga,10264
200288,cdbaby.com,5/16/2020,University of Colorado Health Sciences Center,10754
200289,state.tx.us,12/26/2020,Hue University,10067
200290,naver.com,8/9/2020,Bishop's University,10905
200291,stanford.edu,1/18/2021,Ghana Institute of Management and Public Administration (GIMPA),10920
200292,cbsnews.com,3/26/2021,Northern Arizona University,10501
200293,google.com.hk,10/25/2020,Albert-Ludwigs-Universität Freiburg,10878
200294,disqus.com,2/24/2021,Aichi Prefectural University,10515
200295,cdbaby.com,9/29/2020,Otto-Friedrich Universität Bamberg,10882
200296,acquirethisname.com,9/10/2020,Institute of Accountancy Arusha,10574
200297,ftc.gov,6/8/2020,Singidunum University,10889
200298,icio.us,8/7/2020,Katharine Gibbs School,10587
200299,amazon.de,4/3/2021,Detroit College of Business,10123
200300,simplemachines.org,2/16/2021,Lake Superior State University,10326
200301,constantcontact.com,9/27/2020,Southern Denmark Business School,10574
200302,goo.ne.jp,3/28/2021,Longwood College,10292
200303,cisco.com,10/7/2020,Shandong University of Triaditional Chinese Medicine,10381
200304,wiley.com,8/21/2020,Modern Institute of Managament,10158
200305,trellian.com,1/2/2021,Fachhochschule des Mittelstandes (FHM),10060
200306,facebook.com,6/21/2020,Seton Hill College,10795
200307,rambler.ru,6/30/2020,Universidad Autónoma de Manizales,10417
200308,yahoo.com,7/24/2020,Zachodniopomorska School of Science and Engineering,10659
200309,dmoz.org,10/23/2020,University of the West Indies St. Augustine,10956
200310,sohu.com,11/27/2020,University of Dallas,10776
200311,vistaprint.com,11/28/2020,Universidade Nova de Lisboa,10048
200312,howstuffworks.com,8/21/2020,Southeastern College of the Assemblies of God,10786
200313,wiley.com,1/28/2021,Fudan University,10782
200314,pagesperso-orange.fr,7/6/2020,Sanno University,10232
200315,vistaprint.com,1/22/2021,Cleveland Institute of Art,10293
200316,seesaa.net,11/3/2020,Université Protestante au Congo,10358
200317,twitpic.com,10/26/2020,Hebei Academy of Fine Art,10230
200318,google.ca,12/30/2020,Moscow State University of Commerce,10077
200319,jugem.jp,10/12/2020,Universidad Adventista de Colombia,10719
200320,mysql.com,1/22/2021,University of Maryland at College Park,10184
200321,liveinternet.ru,2/21/2021,Madurai Kamaraj University,10613
200322,bandcamp.com,2/15/2021,Universidad Nacional Experimental del Táchira,10440
200323,washingtonpost.com,6/4/2020,Ecole Supérieure de Commerce de Rouen,10618
200324,prnewswire.com,10/2/2020,University of Nijenrode,10312
200325,mediafire.com,1/16/2021,Université de Kikwite,10146
200326,prweb.com,5/20/2020,Józef Tyszkiewicz College of Business and Computer Science in Bielsko-Biala,10709
200327,wordpress.com,5/2/2020,Universitas Terbuka Indonesia,10624
200328,opera.com,11/4/2020,Mount Olive College,10379
200329,google.nl,4/5/2021,University of Calicut,10139
200330,google.fr,12/10/2020,Auburn University at Montgomery,10298
200331,1und1.de,6/19/2020,Fachhochschule Bielefeld,10691
200332,fastcompany.com,5/22/2020,Tampere University of Technology,10676
200333,digg.com,7/17/2020,Northwest College of Art,10231
200334,uol.com.br,11/13/2020,St Theresa's Medical University,10433
200335,icq.com,8/23/2020,St. Petersburg Institute of Sales Management and Economics,10954
200336,wordpress.org,1/20/2021,Nicolaus Copernicus University of Torun,10108
200337,go.com,8/25/2020,Panteios University of Economics and Political Sciences Athens,10011
200338,opensource.org,3/1/2021,Universidad Nacional de Tumbes,10012
200339,comsenz.com,7/1/2020,Université de Yaoundé II,10410
200340,goo.ne.jp,2/1/2021,Universidad José Cecilio del Valle,10268
200341,prnewswire.com,3/16/2021,Andong National University,10178
200342,unc.edu,7/26/2020,National University of Internal Affairs,10540
200343,yellowpages.com,3/1/2021,University of San Carlos,10024
200344,state.tx.us,3/18/2021,Frostburg State University,10042
200345,vimeo.com,5/25/2020,Soka University,10582
200346,eepurl.com,5/7/2020,"Fachhochschule Konstanz, Hochschule für Technik, Wirtschaft und Gestaltung",10494
200347,adobe.com,7/14/2020,Gonabad University of Medical Sciences,10930
200348,rediff.com,11/14/2020,Odessa National Maritime Academy,10916
200349,sfgate.com,7/17/2020,"California State University, Chico",10543
200350,plala.or.jp,1/19/2021,Universitas Ibn Khaldun Bogor,10528
200351,squidoo.com,12/30/2020,Universidad Nacional de la Patagonia Austral,10110
200352,elpais.com,1/29/2021,Academy of Humanities and Economics in Lodz,10143
200353,biblegateway.com,6/23/2020,University of Western Sydney,10835
200354,rediff.com,1/23/2021,University of Winnipeg,10464
200355,cdbaby.com,2/10/2021,University of Andorra,10853
200356,soundcloud.com,3/23/2021,National College of Chiropractic,10226
200357,tinypic.com,5/8/2020,Ecole Nationale Supérieure des Industries Chimiques de Nancy,10474
200358,over-blog.com,10/27/2020,Beijing Normal University,10474
200359,aboutads.info,4/5/2021,Universidad ISALUD,10868
200360,bluehost.com,4/16/2021,Escola Superior de Artes e Design,10931
200361,addtoany.com,5/18/2020,Universiti Malaysia Kelantan,10008
200362,kickstarter.com,3/29/2021,Bifrost School of Business,10988
200363,wufoo.com,11/14/2020,Jigjiga University,10631
200364,cbsnews.com,1/5/2021,Hanzehogeschool Groningen,10091
200365,de.vu,4/18/2021,Qinghai University,10879
200366,harvard.edu,2/25/2021,Tokyo Denki University,10877
200367,dyndns.org,7/27/2020,Amirkabir College of Managmant & Technology,10902
200368,about.me,6/4/2020,Northwestern College Iowa,10760
200369,fotki.com,10/27/2020,"Indian Institute of Technology, Kharagpur",10892
200370,wordpress.com,2/27/2021,Adler School of Professional Psychology,10508
200371,altervista.org,2/1/2021,Université de 7 Novembre à Carthage,10489
200372,quantcast.com,9/19/2020,New Era University,10961
200373,blog.com,5/4/2020,Kunstakademie Düsseldorf.,10800
200374,bing.com,2/11/2021,Liaocheng Teachers University,10119
200375,nytimes.com,11/19/2020,Hochschule Esslingen,10855
200376,booking.com,9/11/2020,Kerala University of Fisheries and Ocean Sciences,10848
200377,alibaba.com,7/8/2020,Universidad Nacional de General Sarmiento,10727
200378,webs.com,5/21/2020,Irkutsk State Technical University,10869
200379,webnode.com,1/5/2021,Université de Thiès,10371
200380,wsj.com,10/14/2020,Chongqing Medical University,10184
200381,mit.edu,8/13/2020,Toyama Medical and Pharmaceutical University,10953
200382,cnn.com,11/23/2020,Universidad Gran Mariscal de Ayacucho,10700
200383,europa.eu,8/4/2020,National Dong Hwa University,10463
200384,noaa.gov,10/5/2020,Leon Kozminski Academy of Entrepreneurship and Mangement,10743
200385,washingtonpost.com,9/13/2020,Rizal Technological University,10421
200386,discuz.net,11/5/2020,University of Maryland (System),10846
200387,icq.com,11/17/2020,Bangladesh Open University,10027
200388,house.gov,7/19/2020,Universidad Nacional Abierta y a Distancia,10852
200389,diigo.com,6/27/2020,Universidad Nacional Andrés Bello,10724
200390,indiegogo.com,6/16/2020,Jilin University of Technology,10833
200391,dyndns.org,8/18/2020,Universidad Católica de Manizales,10715
200392,cnn.com,9/20/2020,"Polytechnic University, Long Island Campus",10548
200393,skyrock.com,10/16/2020,Immaculata University,10747
200394,dot.gov,7/22/2020,Universidad de las Américas,10891
200395,kickstarter.com,9/23/2020,Université de Mons-Hainaut,10170
200396,qq.com,7/30/2020,Universidad Andina Nestor Caceares Velasquez,10018
200397,paypal.com,7/28/2020,Université Pierre Mendes-France (Grenoble II),10472
200398,1und1.de,6/11/2020,Academy of Arts in Banská Bystrica,10023
200399,sourceforge.net,3/21/2021,International Medical & Technological University,10913
200400,omniture.com,7/30/2020,Indiana University - Southeast,10929
200401,psu.edu,9/27/2020,Instituto Tecnológico de Morelia,10938
200402,github.io,7/22/2020,Egerton University,10694
200403,sitemeter.com,1/25/2021,University of Science and Technology Sana'a,10594
200404,craigslist.org,7/10/2020,Queens College,10726
200405,blogs.com,6/29/2020,University of Alaska - Fairbanks,10436
200406,bravesites.com,12/31/2020,Tabriz University,10200
200407,chron.com,10/8/2020,Southern California College,10985
200408,weather.com,3/31/2021,Wesley College Mississippi,10477
200409,ebay.com,11/20/2020,"Arizona State University, Tempe Campus",10889
200410,ebay.co.uk,8/12/2020,Shendi University,10047
200411,army.mil,8/25/2020,University of Sharjah,10829
200412,google.cn,1/5/2021,Nuclear Institute for Agriculture and Biology (NIAB),10902
200413,unc.edu,8/19/2020,Ankara University,10438
200414,java.com,7/18/2020,Moshi University College of Cooperative and Business Studies,10750
200415,dion.ne.jp,1/16/2021,University of St. Andrews,10202
200416,liveinternet.ru,1/19/2021,Tama Institute of Management and Information Sciences,10186
200417,europa.eu,12/22/2020,Africa University,10465
200418,xrea.com,4/16/2021,Beijing Forestry University,10016
200419,newyorker.com,11/20/2020,Hiroshima University,10320
200420,yelp.com,12/27/2020,Universitas Indonusa Esa Unggul,10637
200421,unc.edu,8/1/2020,Penza State University,10483
200422,pbs.org,12/28/2020,Universidad Olmeca,10965
200423,hao123.com,7/9/2020,John Paul the Great Catholic University,10383
200424,hostgator.com,6/30/2020,Bellarmine College,10241
200425,dmoz.org,3/28/2021,University of Leicester,10937
200426,theatlantic.com,8/29/2020,University of the South Pacific Centre,10832
200427,harvard.edu,3/12/2021,Universidad Isaac Newton,10800
200428,alexa.com,3/13/2021,Universidad Adolfo Ibáñez,10550
200429,cbslocal.com,2/21/2021,Xi'an Jiaotong University,10407
200430,cam.ac.uk,10/3/2020,Postgraduate lnstitute of Medical Education and Research,10982
200431,comsenz.com,11/3/2020,Universitas Katolik Widya Karya,10210
200432,msu.edu,8/1/2020,York University,10435
200433,acquirethisname.com,5/18/2020,Isabela State University,10655
200434,house.gov,6/20/2020,Higher School of University and Advanced Studies Pisa,10853
200435,comcast.net,3/5/2021,Northern Virginia Community College,10513
200436,reverbnation.com,6/27/2020,"Academy of Performing Arts, Film and TV Fakulty",10565
200437,ameblo.jp,1/11/2021,Free Will Baptist Bible College,10947
200438,reddit.com,4/26/2021,Southwestern College Santa Fe,10648
200439,chronoengine.com,8/22/2020,University of Wamia and Masuria in Olsztyn,10158
200440,slashdot.org,1/9/2021,Université du Québec en Outaouais,10206
200441,timesonline.co.uk,6/4/2020,New York Chiropractic College,10134
200442,etsy.com,6/1/2020,"University of Science, Arts and Technology",10652
200443,flavors.me,9/24/2020,Swarthmore College,10644
200444,msn.com,2/13/2021,Tata Institute of Social Sciences,10202
200445,bigcartel.com,11/27/2020,Delta State University,10281
200446,ihg.com,11/28/2020,"Davenport College of Business, Grand Rapids",10292
200447,unblog.fr,8/19/2020,Hogere Zeevaartschool - Maritime Academy,10400
200448,mediafire.com,3/2/2021,Acharya Ranga Agricultural University,10388
200449,icio.us,10/8/2020,Central Academy of  Fine Art,10225
200450,geocities.jp,6/1/2020,St. Petersburg State University of Aerospace Instrumentation,10498
200451,paginegialle.it,1/22/2021,Thapar Institute of Engineering and Technology,10735
200452,ox.ac.uk,4/1/2021,John Paul the Great Catholic University,10933
200453,census.gov,3/29/2021,Randolph-Macon Woman's College,10543
200454,mapquest.com,8/31/2020,Ecole Nationale d'Ingénieurs des Travaux Agricoles de Clermont-Ferrand,10565
200455,harvard.edu,1/16/2021,High Point University,10339
200456,live.com,11/7/2020,Ecole Supérieure d'Agriculture d'Angers,10064
200457,ucla.edu,3/30/2021,Ama International University,10740
200458,ehow.com,3/31/2021,"Academy of Music ""Georghe Dima"" Cluj-Napoca",10635
200459,theatlantic.com,1/5/2021,Ibn Sina National College for Medical Studies ,10793
200460,yandex.ru,3/16/2021,Anna University,10361
200461,tripadvisor.com,8/3/2020,Persian Gulf University,10711
200462,wikimedia.org,5/9/2020,Prague Institute of Chemical Technology,10974
200463,cbc.ca,12/8/2020,Fachhochschule JOANNEUM,10769
200464,cpanel.net,1/11/2021,New York Film Academy,10089
200465,businessweek.com,5/28/2020,Gettysburg College,10579
200466,hp.com,1/16/2021,Kampala University,10473
200467,walmart.com,1/26/2021,Utah Valley State College,10836
200468,deviantart.com,8/3/2020,Universidad Lasallista Benavente,10527
200469,businesswire.com,6/19/2020,Osaka Prefectural University,10480
200470,who.int,4/10/2021,Universidade Vale do Rio dos Sinos,10688
200471,mozilla.com,10/6/2020,Jobu University,10507
200472,goo.ne.jp,11/18/2020,University of Suceava,10364
200473,topsy.com,6/6/2020,Prasetiya Mulya Business School,10748
200474,spiegel.de,9/13/2020,Kemerovo State University,10772
200475,xrea.com,9/5/2020,Universidad de Ciencias de la Informatica,10265
200476,skype.com,7/20/2020,"University of New England, Westbrook College Campus",10720
200477,xrea.com,1/5/2021,Deen Dayal Upadhyay Gorakhpur University,10668
200478,illinois.edu,11/17/2020,Angeles University,10401
200479,illinois.edu,1/22/2021,Ecole Nationale d'Architecture,10167
200480,cnbc.com,8/1/2020,Trisakti Institute of Tourism ,10226
200481,unblog.fr,1/29/2021,Hogeschool West-Vlaanderen (TU),10989
200482,tamu.edu,5/31/2020,Ukrainian National Forestry University,10524
200483,godaddy.com,3/22/2021,Walsh College of Accountancy and Business Administration,10141
200484,e-recht24.de,3/8/2021,Universidad de La Amazonia,10746
200485,oracle.com,4/11/2021,Universidad de Los Andes,10897
200486,istockphoto.com,12/14/2020,Hajvery University Lahore for Women,10390
200487,google.pl,12/4/2020,Information and Communications University,10625
200488,bizjournals.com,9/15/2020,Truman College,10782
200489,technorati.com,5/9/2020,Madison University (Distance Education),10922
200490,pen.io,7/27/2020,University of Connecticut at Waterbury,10388
200491,si.edu,10/6/2020,Ilia Chavchavadze State University,10350
200492,blog.com,12/18/2020,Ochanomizu Women's University,10310
200493,imgur.com,1/14/2021,McKendree College,10178
200494,hostgator.com,1/29/2021,St. Petersburg State University of Engineering and Economics,10788
200495,goodreads.com,12/18/2020,Shanghai TieDao University,10514
200496,edublogs.org,5/5/2020,Open University of Sudan (OUS),10975
200497,businessweek.com,8/3/2020,Pacific International College,10713
200498,seattletimes.com,10/17/2020,Midwestern State University,10790
200499,microsoft.com,8/17/2020,"Washington State University, Spokane",10837
200500,marketwatch.com,3/17/2021,"COMSATS Institute of Information Technology, Wah",10637
200501,weather.com,3/14/2021,Shanghai Dainji University,10823
200502,hao123.com,12/8/2020,Universidad de Playa Ancha de Ciencias de la Educacion,10805
200503,liveinternet.ru,10/30/2020,"Queen Mary and Westfield College, University of London",10388
200504,t.co,2/10/2021,Paine College,10940
200505,goodreads.com,4/11/2021,Miyagi University,10024
200506,liveinternet.ru,10/23/2020,Pioneer International University,10544
200507,pinterest.com,1/29/2021,Technical Institute of Dubnica in Dubnica nad Váhom,10971
200508,fema.gov,2/3/2021,McGill University,10612
200509,huffingtonpost.com,3/17/2021,Aichi Shukutoku University,10569
200510,hostgator.com,3/16/2021,Kwara State Polytecnic,10375
200511,howstuffworks.com,9/14/2020,Kobe Jogakuin University,10672
200512,amazon.co.jp,8/28/2020,Katharine Gibbs School,10140
200513,wikispaces.com,9/4/2020,University College of the Fraser Valley,10710
200514,ycombinator.com,1/4/2021,Mount St. Mary College,10931
200515,w3.org,11/27/2020,Universidad del Turismo,10578
200516,jiathis.com,6/19/2020,AGH University of Science and Technology,10647
200517,yolasite.com,11/30/2020,Universidad San Francisco de Quito,10425
200518,uol.com.br,8/25/2020,Hawassa University,10673
200519,yahoo.co.jp,4/15/2021,"Universidad de Guanajuato, Campus León",10204
200520,mysql.com,12/20/2020,Indian Law Institue,10599
200521,squidoo.com,8/19/2020,National Defence Academy of Latvia,10411
200522,technorati.com,1/1/2021,Kuala Terengganu City Polytechnic,10441
200523,jugem.jp,5/9/2020,Xinjiang Normal University,10086
200524,opensource.org,7/17/2020,Aarhus University,10468
200525,imageshack.us,5/6/2020,"Veliko Turnovo University ""Cyril and Methodius""",10735
200526,cargocollective.com,6/13/2020,West Pomeranian Business School in Szczecin,10458
200527,infoseek.co.jp,3/30/2021,Europa Fachhochschule Fresenius,10450
200528,arizona.edu,2/28/2021,Beth-El College of Nursing and Health Sciences,10592
200529,jigsy.com,6/16/2020,Music Academy in Lodz,10067
200530,slashdot.org,9/26/2020,Assumption College,10972
200531,skype.com,7/7/2020,Universitas Mataram,10970
200532,cyberchimps.com,4/13/2021,Technical University of Poznan,10113
200533,cdc.gov,11/2/2020,Taipei Physical Education College,10770
200534,goodreads.com,11/19/2020,Baker College of Flint,10348
200535,bing.com,10/10/2020,University of Georgia,10999
200536,yahoo.co.jp,5/31/2020,Universidad Agraria del Ecuador,10037
200537,sogou.com,10/31/2020,Waseda University,10045
200538,eepurl.com,9/17/2020,Märkische Fachhochschule Iserlohn,10113
200539,blogtalkradio.com,4/28/2020,Maritime University in Szczecin,10353
200540,chron.com,2/21/2021,Northern Caribbean University,10905
200541,posterous.com,7/11/2020,Ohio State University - Marion,10226
200542,walmart.com,8/22/2020,Universidade São Marcos,10321
200543,harvard.edu,5/18/2020,"Rasmussen College, North Dakota Campuses",10141
200544,dyndns.org,6/7/2020,University of Nebraska - Omaha,10724
200545,netvibes.com,3/14/2021,St. Joseph College,10107
200546,census.gov,10/29/2020,Universidad Capitain General Gerardo Barrios,10953
200547,chicagotribune.com,4/2/2021,Université de Bretagne Occidentale,10179
200548,dyndns.org,1/21/2021,Gomel State Technical University Pavel Sukhoi,10132
200549,un.org,9/15/2020,Liaoning Normal University,10179
200550,liveinternet.ru,5/24/2020,Mogadishu University,10559
200551,narod.ru,7/12/2020,Technological Education Institute of Kalamata,10561
200552,drupal.org,4/14/2021,California College of Podiatric Medicine,10861
200553,4shared.com,2/28/2021,Politeknik Negeri Padang,10944
200554,google.ca,9/6/2020,Selcuk University,10124
200555,ted.com,9/17/2020,Universitas Swadaya Gunung Djati,10012
200556,state.tx.us,8/28/2020,St Clements University - Higher Education School,10857
200557,alibaba.com,6/6/2020,Cedarville College,10380
200558,cargocollective.com,5/12/2020,Chang Jung University,10760
200559,nih.gov,10/30/2020,University of Belize,10805
200560,last.fm,5/14/2020,Université Val-de-Marne (Paris XII),10329
200561,ca.gov,10/10/2020,Inner Mongolia University,10200
200562,ca.gov,7/5/2020,Sir Syed University of Engineering and Technology,10260
200563,slashdot.org,5/18/2020,Vitebsk State Medical University,10009
200564,cmu.edu,8/29/2020,University of Ruhuna,10586
200565,com.com,1/21/2021,Ramapo College of New Jersey,10536
200566,nymag.com,9/4/2020,National-Louis University,10930
200567,gnu.org,2/27/2021,"Courtauld Institute of Art, University of London",10450
200568,businessweek.com,1/24/2021,Shukutoku University,10415
200569,123-reg.co.uk,8/1/2020,James Madison University,10965
200570,multiply.com,4/13/2021,University of Illinois at Springfield,10428
200571,ask.com,3/11/2021,University of Richmond,10072
200572,1688.com,4/26/2021,Eastern Michigan University,10937
200573,hhs.gov,6/11/2020,Barry University,10622
200574,livejournal.com,12/30/2020,Antioch University Seattle,10924
200575,who.int,5/23/2020,Northeast Forest University,10425
200576,nbcnews.com,10/21/2020,Delta University,10108
200577,squarespace.com,5/2/2020,Uva Wellassa University,10975
200578,bloglovin.com,9/11/2020,"Arizona State University, West Campus",10302
200579,cdbaby.com,1/21/2021,Howard University,10621
200580,hatena.ne.jp,3/30/2021,Sarajevo Film Academy,10037
200581,patch.com,9/21/2020,Tajikistan International University,10003
200582,hud.gov,8/22/2020,Edward Waters College,10539
200583,geocities.jp,1/31/2021,Harokopio University,10745
200584,dion.ne.jp,10/14/2020,Institut d'Etudes Politiques de Paris (Sciences Po),10707
200585,gizmodo.com,5/13/2020,Amity University,10994
200586,scribd.com,1/14/2021,Universidad de Puerto Rico,10968
200587,msn.com,2/21/2021,"Institue of Technology, Tralee",10304
200588,fc2.com,8/27/2020,Albany Law School,10988
200589,google.cn,5/1/2020,University of New Hampshire,10415
200590,addthis.com,12/20/2020,Islamia University of Bahawalpur,10819
200591,europa.eu,8/4/2020,"Concordia College, Ann Arbor",10446
200592,twitter.com,12/1/2020,Illinois Institute of Technology,10283
200593,com.com,2/6/2021,Darul Takzim Institute of Technology,10844
200594,flickr.com,2/17/2021,Université de Metz,10946
200595,about.com,8/23/2020,Universidad Cuauhtémoc,10955
200596,bravesites.com,10/25/2020,Universidade para o Desenvolvimento do Alto Vale do Itajaí,10012
200597,altervista.org,4/12/2021,Rider University,10802
200598,senate.gov,2/17/2021,Australian Lutheran College,10294
200599,parallels.com,3/26/2021,Staatliche Hochschule für Musik,10982
200600,mashable.com,1/24/2021,Judson College Marion,10327
200601,hud.gov,2/14/2021,University of Science & Technology Bannu,10996
200602,youku.com,12/30/2020,Asian University of Science and Technology,10170
200603,apache.org,7/19/2020,"University of Wales, Newport",10137
200604,edublogs.org,5/9/2020,Sardar Patel University,10353
200605,barnesandnoble.com,6/13/2020,Institute of Information Technology,10365
200606,storify.com,12/11/2020,College of Visual Arts,10636
200607,instagram.com,11/11/2020,European University,10653
200608,rakuten.co.jp,5/12/2020,Universidad de las Regiones Autónomas de la Costa Caribe Nicaragüense,10855
200609,squarespace.com,1/5/2021,Universidad Gran Mariscal de Ayacucho,10507
200610,360.cn,6/5/2020,Presidency University,10182
200611,accuweather.com,2/20/2021,University of Wisconsin - Stout,10938
200612,t.co,1/23/2021,"Islamic Azad University, Majlesi",10088
200613,sciencedirect.com,8/14/2020,Al Khawarizmi International College,10353
200614,imdb.com,3/3/2021,Southern University - New Orleans,10601
200615,microsoft.com,8/14/2020,Kharkiv National University of Radio Electronics,10080
200616,oracle.com,3/28/2021,Greenwich University,10082
200617,reddit.com,9/18/2020,Gulhane Military Medical Academy,10914
200618,squarespace.com,5/25/2020,University of Islamic Studies,10841
200619,cisco.com,5/24/2020,University of Wisconsin - Green Bay,10942
200620,cnbc.com,5/31/2020,Universidad Catolica de Temuco,10193
200621,nyu.edu,12/3/2020,Technical University of Wroclaw,10050
200622,people.com.cn,10/14/2020,Kabul University,10470
200623,tmall.com,12/28/2020,Université Abdelmalek Essadi,10009
200624,columbia.edu,3/6/2021,Ohka Gakuen University,10464
200625,acquirethisname.com,3/23/2021,"Fachhochschule Rottenburg, Hochschule für Forstwirtschaft",10693
200626,msu.edu,1/4/2021,Danville Area Community College,10807
200627,ucla.edu,5/1/2020,Amur State University,10340
200628,theglobeandmail.com,7/10/2020,Universidad Fray Luca Paccioli,10514
200629,yandex.ru,10/29/2020,Kagawa Medical School,10970
200630,mapquest.com,5/8/2020,PSG College of Technology,10279
200631,exblog.jp,8/16/2020,Al-Nasser University,10731
200632,pinterest.com,3/27/2021,Sir Syed Institute Of Technology Islamabad,10997
200633,csmonitor.com,9/6/2020,Jadara University,10328
200634,youku.com,12/11/2020,Veterinärmedizinische Universität Wien,10161
200635,themeforest.net,5/4/2020,Vilnius Academy of Arts,10437
200636,nhs.uk,4/29/2020,Harbin University of Civil Engineering & Architecture,10897
200637,meetup.com,10/4/2020,University of Southern Philippines Foundation,10380
200638,google.fr,4/17/2021,Musashino Art University,10647
200639,sitemeter.com,6/24/2020,International Academy of  Merchandising and Design Tampa,10781
200640,princeton.edu,3/27/2021,University of Petrosani,10945
200641,utexas.edu,7/1/2020,Universidad del Pacifico,10156
200642,mashable.com,4/30/2020,Université des Sciences Humaines (Strasbourg II),10725
200643,mail.ru,6/22/2020,California Institute of Integral Studies,10461
200644,webnode.com,12/26/2020,Russian State Hydrometeorological University,10522
200645,phoca.cz,10/15/2020,West Liberty State College,10803
200646,adobe.com,7/16/2020,Zhetysu State University ,10832
200647,cbsnews.com,1/17/2021,East-Siberian State University of Technology,10498
200648,gizmodo.com,10/10/2020,"Khalifa University of Science, Technology and Research",10213
200649,google.it,2/9/2021,Elisabeth University of Music,10163
200650,virginia.edu,12/28/2020,Jacksonville University,10285
200651,zimbio.com,10/27/2020,Vladimir State University,10477
200652,hhs.gov,9/18/2020,"Concordia College, Seward",10092
200653,chicagotribune.com,12/17/2020,"University of Wales, Bangor",10905
200654,accuweather.com,3/8/2021,Universidade de Santa Cruz do Sul,10225
200655,oakley.com,9/22/2020,University of Charleston South Carolina,10103
200656,soundcloud.com,10/26/2020,"National Institute of Technology, Jamshedpur",10581
200657,ocn.ne.jp,9/17/2020,Veritas University,10708
200658,odnoklassniki.ru,2/26/2021,University of Molise,10864
200659,gov.uk,10/27/2020,Fachhochschule Oldenburg/Ostfriesland/Wilhelmshaven,10148
200660,irs.gov,12/12/2020,Kobe International University,10946
200661,businessinsider.com,2/2/2021,Universidad de León,10671
200662,de.vu,8/28/2020,Cape Peninsula University of Technology,10271
200663,archive.org,2/21/2021,IE University,10525
200664,dailymail.co.uk,4/21/2021,Mandhu College,10323
200665,drupal.org,10/1/2020,St. John's Seminary,10594
200666,home.pl,4/2/2021,East China University of Science and Technology,10424
200667,forbes.com,10/19/2020,University of Wales College of Medicine,10149
200668,booking.com,6/13/2020,Philosophisch-Theologische Hochschule Sankt Georgen,10758
200669,paypal.com,1/29/2021,Warnborough University,10739
200670,tripadvisor.com,2/6/2021,Institut National Polytechnique de Toulouse,10347
200671,bluehost.com,11/6/2020,College of Osteopathic Medicine of the Pacific (Western University of Health Sciences),10387
200672,geocities.com,1/11/2021,Arizona Christian University,10425
200673,howstuffworks.com,2/27/2021,BiTS - Business and Information Technology School gGmbH,10989
200674,simplemachines.org,5/5/2020,Royal School of Library and Information Science,10034
200675,sun.com,10/9/2020,Russel Sage College,10213
200676,bbb.org,1/20/2021,Mwalimu Nyerere Memorial Academy,10995
200677,google.com.hk,12/28/2020,Kushiro Public University of Economics,10357
200678,bing.com,12/22/2020,"Rajamangala University of Technology, Phra Nakhon",10306
200679,freewebs.com,10/19/2020,Universidade Candido Mendes,10914
200680,examiner.com,9/26/2020,Atlanta College of Art,10142
200681,squidoo.com,7/13/2020,Benadir University,10639
200682,sina.com.cn,12/30/2020,Nagoya Economics University,10192
200683,pinterest.com,12/15/2020,Jomo Kenyatta University of Agriculture and Technology,10032
200684,theatlantic.com,11/23/2020,"University of Houston, Downtown",10353
200685,theglobeandmail.com,3/16/2021,Prempeh College,10186
200686,biglobe.ne.jp,10/7/2020,National University of Defense Technology,10432
200687,etsy.com,5/19/2020,Chengdu Institute of Sichuan International Studies University,10341
200688,joomla.org,10/12/2020,Reformed Church University,10726
200689,is.gd,2/13/2021,Centro Regional Universitário de Espiríto Santo do Pinhal,10404
200690,usa.gov,12/25/2020,Ecole Nationale Supérieur d'Ingénieurs de Constructions Aéronautique,10437
200691,comcast.net,1/25/2021,Loyola College in Maryland,10361
200692,qq.com,3/14/2021,Lamar University,10980
200693,xing.com,10/15/2020,Mälardalen University,10112
200694,wunderground.com,11/12/2020,University of Maryland (System),10593
200695,paginegialle.it,6/13/2020,Sungkyul University,10966
200696,addtoany.com,2/12/2021,Cyprus International University,10476
200697,tiny.cc,6/25/2020,Sri Lanka Institute of Advanced Technical Education,10033
200698,walmart.com,4/3/2021,Hochschule Fulda,10017
200699,google.pl,11/23/2020,Altai State Medical University,10263
200700,economist.com,6/26/2020,Pontificia Università Lateranense,10824
200701,answers.com,12/24/2020,Universidad Politecnica de Nicaragua,10872
200702,devhub.com,7/21/2020,Universidad de Córdoba,10194
200703,virginia.edu,5/11/2020,Da-Yeh University,10179
200704,ucla.edu,10/9/2020,New England School of Communications,10807
200705,icio.us,1/15/2021,Yemenia University,10471
200706,home.pl,9/17/2020,Nova Southeastern University,10841
200707,mozilla.org,7/3/2020,University of Illinois at Springfield,10067
200708,symantec.com,9/12/2020,Richard Stockton College of New Jersey,10263
200709,bandcamp.com,7/5/2020,Hunan Normal University,10140
200710,whitehouse.gov,6/27/2020,Universitas Mulawarman,10090
200711,chronoengine.com,5/29/2020,Wuhan Technical University of Surveying and Mapping,10541
200712,stanford.edu,9/29/2020,Juniata College,10630
200713,fastcompany.com,8/2/2020,Technological Education Institute of Serres,10622
200714,businessweek.com,3/25/2021,Hawaii Pacific University,10250
200715,slate.com,9/19/2020,Selangor Islamic University College,10171
200716,smh.com.au,5/25/2020,Berry College,10005
200717,auda.org.au,6/2/2020,University of Hyderabad,10995
200718,wiley.com,7/16/2020,Preston Institute of Management Sciences and Technology (PIMSAT),10767
200719,google.it,10/31/2020,Université Chrétienne du Nord d'Haiti,10458
200720,hhs.gov,8/7/2020,Virginia College,10602
200721,amazon.co.jp,1/27/2021,Fachhochschule Bochum,10644
200722,cnn.com,11/2/2020,Jamia Millia Islamia University,10074
200723,weebly.com,6/7/2020,Tzu Chi College of Medicine and Humanities,10892
200724,goo.ne.jp,11/29/2020,Fisk University,10800
200725,google.ca,8/29/2020,British University in Dubai,10126
200726,ucla.edu,11/30/2020,Kobe Jogakuin University,10370
200727,icio.us,3/30/2021,Iowa Wesleyan College,10340
200728,noaa.gov,7/8/2020,Free International University of Moldova,10008
200729,digg.com,7/4/2020,Universitas Negeri Medan,10684
200730,reverbnation.com,7/12/2020,Ecole Nationale Supérieure d'Ingénieurs de Génie Chimique,10685
200731,chronoengine.com,3/14/2021,Asian University of Science and Technology,10171
200732,sbwire.com,2/18/2021,Universität Osnabrück,10873
200733,google.com,5/21/2020,Okayama Shoka University,10193
200734,squarespace.com,11/11/2020,Universidad Pedagógica Nacional,10102
200735,icq.com,9/22/2020,Instituto Politécnico de Lisboa,10392
200736,mozilla.com,4/19/2021,University of York,10704
200737,hubpages.com,1/22/2021,Shukutoku University,10712
200738,sfgate.com,4/13/2021,University of Texas at San Antonio,10293
200739,com.com,6/6/2020,Hochschule für Gestaltung und Kunst Zürich,10062
200740,usatoday.com,5/17/2020,Sabaragamuwa University of Sri Lanka,10546
200741,vkontakte.ru,12/30/2020,Universidad Latina de Panamá,10973
200742,moonfruit.com,6/27/2020,Cyprus University of Technology,10995
200743,ehow.com,10/28/2020,Phillips-Universität Marburg,10568
200744,jiathis.com,11/24/2020,Detroit College of Law,10275
200745,de.vu,7/4/2020,"Indian Institute of Technology, Hyderabad",10970
200746,unicef.org,6/19/2020,Rezekne Higher School,10791
200747,intel.com,5/18/2020,Moscow Technical University of Informatics and Communication,10109
200748,ucla.edu,11/5/2020,St. Cloud State University,10446
200749,naver.com,6/20/2020,Universität Liechtenstein,10058
200750,ed.gov,4/22/2021,Université Laval,10487
200751,cafepress.com,6/22/2020,Nordic School of Public Health,10923
200752,liveinternet.ru,9/28/2020,Perm State Academy of Agriculture,10099
200753,newyorker.com,12/5/2020,University of Debrecen ,10274
200754,craigslist.org,5/24/2020,Universidad de Guadalajara,10783
200755,nhs.uk,8/23/2020,Boston College,10692
200756,mapquest.com,8/18/2020,Southern University - Shreveport,10419
200757,sphinn.com,10/4/2020,Universidade Moderna de Lisboa,10898
200758,slate.com,5/22/2020,"Institute of Teachers Education, Tuanku Bainun",10973
200759,wiley.com,10/31/2020,Universidad de Comunicación Avanzada,10423
200760,elpais.com,11/6/2020,Chung Yuan Christian University,10922
200761,livejournal.com,12/30/2020,Nagoya Economics University,10673
200762,newyorker.com,3/21/2021,University of San Diego,10328
200763,canalblog.com,6/10/2020,Southern Utah University,10013
200764,oaic.gov.au,6/5/2020,Centro de Estudios Investigación y Tecnología (CEIT),10479
200765,blogger.com,3/13/2021,School of Planning and Architecture,10539
200766,scientificamerican.com,5/2/2020,Yaroslavl State Medical Academy,10666
200767,ask.com,1/9/2021,Universidade Federal do Paraná,10310
200768,sphinn.com,5/4/2020,Diaconia University of Applied Sciences,10826
200769,nps.gov,9/7/2020,Universitas Klabat,10534
200770,bloglovin.com,10/23/2020,Ahmedabad University,10585
200771,tuttocitta.it,2/7/2021,Fachhochschule Kufstein (Tirol),10699
200772,etsy.com,6/27/2020,Khulna University,10777
200773,addtoany.com,7/8/2020,Kansas State University,10260
200774,chronoengine.com,2/17/2021,Universidade Federal do Espírito Santo,10885
200775,usgs.gov,9/26/2020,Salam University,10355
200776,yolasite.com,11/14/2020,Alice-Salomon-Fachhochschule für Sozialarbeit und Sozialpädagogik Berlin,10451
200777,economist.com,7/26/2020,Istanbul Kultur University,10369
200778,thetimes.co.uk,1/13/2021,Mooreland University,10704
200779,bandcamp.com,12/21/2020,Les Roches Gruyère University of Applied Sciences,10037
200780,t-online.de,4/20/2021,Kilimanjaro Christian Medical College,10762
200781,youtube.com,3/29/2021,Kyoritsu Pharmaceutical University,10070
200782,nytimes.com,8/20/2020,Shandong Medical University,10835
200783,dropbox.com,6/24/2020,Al-Baath University,10326
200784,etsy.com,9/27/2020,"Moscow State University of Economics, Statistics and Informatics",10434
200785,drupal.org,2/9/2021,Hotelschool The Hague,10456
200786,geocities.com,9/2/2020,Universidad de Occidente,10552
200787,netvibes.com,8/5/2020,Maine Maritime Academy,10168
200788,lycos.com,11/3/2020,Emmanuel College Georgia,10132
200789,gnu.org,9/29/2020,Xi'an Jiaotong-Liverpool University,10449
200790,opensource.org,7/4/2020,Michigan Technological University,10143
200791,ustream.tv,8/25/2020,Universidad Jóse Vasconcelos,10439
200792,etsy.com,6/21/2020,Jones International University,10213
200793,drupal.org,2/18/2021,Instituto Universitario de la Policia Federal,10022
200794,themeforest.net,10/17/2020,Hamline University,10477
200795,printfriendly.com,6/27/2020,Universidade Federal de Mato Grosso,10276
200796,wunderground.com,11/28/2020,Nigerian Turkish Nile University,10719
200797,blogtalkradio.com,10/3/2020,Universidade Internacional Lisboa,10493
200798,nydailynews.com,10/7/2020,Instituto Tecnológico de Santo Domingo,10523
200799,soundcloud.com,10/26/2020,University of Nebraska Medical Center,10670
200800,list-manage.com,12/18/2020,Adams State College,10489
200801,constantcontact.com,6/5/2020,Universidad de Sucre,10906
200802,ftc.gov,6/7/2020,Victoria International University,10623
200803,ftc.gov,8/3/2020,Universidad Nacional de Chimborazo,10008
200804,ovh.net,6/26/2020,"University of Agricultural Sciences, Bangalore",10976
200805,homestead.com,3/31/2021,Australian National University,10374
200806,1und1.de,8/12/2020,Ohio University - Zanesville,10941
200807,macromedia.com,5/16/2020,Portland State University,10497
200808,webeden.co.uk,9/21/2020,Pázmány Péter Catholic University,10926
200809,walmart.com,2/16/2021,Pabna University of Science and Technology,10699
200810,so-net.ne.jp,11/28/2020,Premier University,10403
200811,google.cn,2/16/2021,Universitas Lambung Mangkurat,10004
200812,timesonline.co.uk,8/17/2020,Universidad Adolfo Ibáñez,10139
200813,cloudflare.com,4/16/2021,New York College of Podiatric Medicine,10377
200814,example.com,6/9/2020,Chongqing Medical University,10086
200815,paypal.com,2/6/2021,Tianjin Normal University,10773
200816,zdnet.com,4/29/2020,Al-Baath University,10760
200817,accuweather.com,2/7/2021,Mahasarakham University,10185
200818,biglobe.ne.jp,9/10/2020,Chiba University of Commerce,10874
200819,aol.com,11/16/2020,Greenville College,10070
200820,businesswire.com,7/21/2020,Mandhu College,10249
200821,reference.com,11/2/2020,Rajiv Gandhi University,10237
200822,un.org,3/12/2021,Erskine College,10289
200823,privacy.gov.au,6/7/2020,Art Academy of Cincinnati,10372
200824,un.org,10/3/2020,Fukuyama Heisei University,10445
200825,ibm.com,3/22/2021,Hokuriku University,10129
200826,about.com,3/11/2021,Ambrose Alli University,10250
200827,theguardian.com,6/5/2020,Okinawa Prefectural University of Fine Arts,10205
200828,sphinn.com,11/25/2020,Curry College,10436
200829,t-online.de,5/14/2020,Universidad Complutense de Madrid,10440
200830,nps.gov,8/16/2020,Maseno University,10645
200831,comsenz.com,2/18/2021,Sarah Lawrence College,10609
200832,ft.com,5/30/2020,William Jewell College,10124
200833,tinypic.com,10/30/2020,"Dubna International University for Nature, Society and Man",10332
200834,instagram.com,1/15/2021,Delft University of Technology,10184
200835,skype.com,2/10/2021,Mahatma Jyotiba Phule Rohilkhand University Bareilly ,10661
200836,plala.or.jp,7/24/2020,University of Information Technology and Management in Rzeszow,10873
200837,zdnet.com,4/18/2021,"Ecole Nationale Supérieure en Electrotechnique, Electronique, Informatique et Hydraulique de Toulouse",10262
200838,tinypic.com,3/16/2021,Bangkok University,10392
200839,goo.ne.jp,6/8/2020,Southern California Institute of Architecture,10930
200840,bbc.co.uk,5/19/2020,School of Management Fribourg,10399
200841,list-manage.com,1/30/2021,Universidad Nacional de Cajamarca,10562
200842,yale.edu,7/7/2020,Guangdong University of Foreign Studies,10272
200843,ustream.tv,11/18/2020,Tri-College University,10196
200844,fotki.com,2/4/2021,Ecole Nationale Supérieure de l'Electronique et de ses Applications,10797
200845,amazon.co.uk,7/7/2020,University of West Bohemia,10930
200846,soup.io,6/16/2020,Fachhochschule Köln,10526
200847,rakuten.co.jp,9/18/2020,Norwegian State Academy of Music,10032
200848,people.com.cn,12/9/2020,Cukurova University,10021
200849,printfriendly.com,6/18/2020,Khabarovsk State Academy of Economics and Law,10150
200850,ehow.com,6/19/2020,University of Northern Virginia,10512
200851,google.com.au,4/11/2021,Indira Gandhi Institute of Development and Research,10851
200852,patch.com,5/25/2020,Nebraska Wesleyan University,10994
200853,wired.com,8/6/2020,Southwest University,10073
200854,spotify.com,5/29/2020,Kagoshima University,10763
200855,joomla.org,10/2/2020,Kobe Gakuin University,10273
200856,statcounter.com,2/28/2021,Université de Bourgogne,10013
200857,noaa.gov,12/28/2020,Dhofar University,10100
200858,china.com.cn,7/17/2020,Novosibirsk State Medical Academy,10568
200859,answers.com,1/4/2021,Konyang University,10370
200860,barnesandnoble.com,6/27/2020,"Webster University, Thailand",10065
200861,si.edu,10/11/2020,Orissa University of Agriculture and Technology,10230
200862,tinyurl.com,2/14/2021,South China Construction University,10772
200863,apple.com,4/28/2020,Northwest University,10774
200864,so-net.ne.jp,3/9/2021,Kyoritsu Woman's University,10098
200865,shutterfly.com,11/10/2020,"Institute of Germanic Studies, University of London",10678
200866,walmart.com,6/2/2020,Universidad Mesoamericana de San Agustín,10928
200867,joomla.org,9/29/2020,University of Delhi,10229
200868,so-net.ne.jp,7/4/2020,Nagasaki Institute of Applied Science,10713
200869,parallels.com,5/30/2020,Johore Bharu Primeir Polytechnic,10416
200870,blogs.com,5/27/2020,Université Pierre et Marie Curie (Paris VI),10619
200871,e-recht24.de,3/20/2021,Takoradi Polytechnic ,10300
200872,4shared.com,6/19/2020,Centro Universitário Barao de Maua,10213
200873,nydailynews.com,8/11/2020,Miyagi Gakuin Women's College,10323
200874,google.de,6/24/2020,"Universidad de Guanajuato, Campus León",10912
200875,nifty.com,6/11/2020,Universidade do Amazonas,10298
200876,twitter.com,7/2/2020,Chengdu University of Technology,10871
200877,blinklist.com,12/13/2020,Malmö University College,10125
200878,thetimes.co.uk,4/25/2021,Samuel Merritt College,10579
200879,wp.com,3/6/2021,Bugema University,10356
200880,baidu.com,1/17/2021,Dagestan State University,10529
200881,sciencedaily.com,10/26/2020,Posts & Telecommunications Institute of Technology,10307
200882,apple.com,9/3/2020,Dayalbagh Educational Institute,10187
200883,youtube.com,9/29/2020,National College of Arts,10630
200884,samsung.com,3/26/2021,University of the Ozarks,10158
200885,flavors.me,2/1/2021,Southern College of Optometry,10328
200886,pagesperso-orange.fr,2/8/2021,Nortre Dame Seishin University,10498
200887,intel.com,12/21/2020,Chatham College,10477
200888,networksolutions.com,11/29/2020,West Virginia University,10546
200889,cnet.com,2/13/2021,National University,10624
200890,globo.com,9/15/2020,Universidad Tecnológica Equinoccial,10986
200891,biglobe.ne.jp,2/12/2021,Hillsdale College,10642
200892,baidu.com,12/2/2020,Floret Global University,10055
200893,prnewswire.com,12/13/2020,Kilimanjaro Christian Medical College,10058
200894,washington.edu,9/7/2020,Academia Nacional Superior de Orquesta,10235
200895,springer.com,4/11/2021,Universitas Madura,10255
200896,hhs.gov,7/2/2020,School of the Museum of Fine Arts,10127
200897,walmart.com,4/24/2021,Northeast Normal University,10851
200898,businessweek.com,2/3/2021,Universidad Nacional de Quilmes,10517
200899,goo.ne.jp,2/18/2021,Universidad Nacional de Guinea Ecuatorial,10061
200900,reverbnation.com,4/12/2021,University of North Carolina at Greensboro,10206
200901,github.io,5/26/2020,Universitas Paramadina Mulya,10588
200902,ftc.gov,11/6/2020,Europäische Betriebswirtschafts-Akademie,10089
200903,businessinsider.com,11/28/2020,Lalit Narayan Mithila University,10280
200904,jimdo.com,11/5/2020,Universitas Surabaya,10192
200905,timesonline.co.uk,6/27/2020,University of Bergamo,10504
200906,amazonaws.com,11/16/2020,"Islamic Azad University, Maybod",10013
200907,china.com.cn,11/19/2020,Universidad de San Carlos de Guatemala,10404
200908,cocolog-nifty.com,8/9/2020,Brigham Young University,10633
200909,howstuffworks.com,5/31/2020,Universidad de La Amazonia,10845
200910,google.es,1/19/2021,Istanbul Kultur University,10567
200911,nih.gov,9/19/2020,Omsk State Technical University,10446
200912,lulu.com,8/13/2020,University of Texas of the Permian Basin,10133
200913,bloglovin.com,12/14/2020,Molloy College,10665
200914,uiuc.edu,12/26/2020,Multimedia University of Kenya,10027
200915,e-recht24.de,5/17/2020,Universidad Metropolitana de Ciencias de la Educación,10363
200916,flickr.com,12/6/2020,"California State University, San Bernadino",10233
200917,cnbc.com,2/12/2021,Carlos Albizu University,10046
200918,mtv.com,6/16/2020,Fachhochschule Hamburg,10815
200919,hostgator.com,8/12/2020,Skadron College,10359
200920,sciencedirect.com,8/22/2020,Universidad Casa Grande,10548
200921,webeden.co.uk,3/11/2021,Kazan State University,10183
200922,netvibes.com,6/11/2020,Saint Mary's University,10835
200923,npr.org,7/14/2020,Al-Zaiem Al-Azhari University,10049
200924,cnn.com,12/28/2020,Brussels Management School (ICHEC),10024
200925,liveinternet.ru,4/4/2021,Audrey Cohen College,10248
200926,cnet.com,9/14/2020,Xavier University,10772
200927,alibaba.com,10/22/2020,Vancouver Community College,10664
200928,sun.com,10/16/2020,Universität Bielefeld,10617
200929,biblegateway.com,1/6/2021,"University of Gjirokstra ""Eqerem Cabej""",10138
200930,foxnews.com,10/19/2020,Aichi Shukutoku University,10582
200931,cisco.com,11/26/2020,Hokkaido University of Education,10907
200932,technorati.com,12/5/2020,Periyar University,10236
200933,spiegel.de,6/25/2020,Hebron University,10126
200934,fotki.com,11/23/2020,Omsk State Transport University,10315
200935,wp.com,2/17/2021,Korea National University of Education,10699
200936,live.com,2/17/2021,University of Oregon,10133
200937,prlog.org,4/24/2021,Universidad Católica de Cuyo,10238
200938,about.com,12/23/2020,Seinan Gakuin University,10293
200939,vinaora.com,11/17/2020,Chicago State University,10385
200940,census.gov,9/12/2020,Universidad del Azuay,10988
200941,nydailynews.com,6/18/2020,Université de Lubumbashi,10871
200942,ftc.gov,4/15/2021,College of the Atlantic,10019
200943,soup.io,10/28/2020,Narsee Monjee Institute of Management Studies,10419
200944,1und1.de,6/5/2020,Universidad Agroforestal Fernando A.Meriño,10011
200945,nytimes.com,12/8/2020,Guilford College,10897
200946,flavors.me,5/18/2020,Pillsbury Baptist Bible College,10776
200947,illinois.edu,2/7/2021,Universidad Eugenio Maria de Hostos,10369
200948,google.nl,12/19/2020,University of Rijeka,10658
200949,nbcnews.com,2/27/2021,Rochester Institute of Technology,10990
200950,wikipedia.org,3/1/2021,Lazarski School of Commerce and Law,10911
200951,hibu.com,6/18/2020,"Universidad Católica Boliviana, Tarija",10704
200952,chicagotribune.com,7/30/2020,Ecole Nationale Supérieure d'Ingénieurs en Mécanique et Energétique de Valenciennes,10875
200953,addthis.com,2/6/2021,Caucasus University,10831
200954,hubpages.com,4/11/2021,"University of Houston, Downtown",10798
200955,reference.com,1/11/2021,Alexandria University,10361
200956,globo.com,8/29/2020,Takushoku University,10602
200957,illinois.edu,2/12/2021,Medical University of Sofia,10992
200958,weebly.com,11/1/2020,Kumamoto Prefectural University,10710
200959,creativecommons.org,7/17/2020,"Florida Metropolitan University, Tampa College Brandon",10810
200960,desdev.cn,3/7/2021,Jigjiga University,10854
200961,homestead.com,4/27/2020,Portland Community College,10448
200962,gnu.org,11/12/2020,Saratov State Agrarian University,10860
200963,jugem.jp,7/28/2020,Chinju National University of Education,10357
200964,yellowbook.com,6/21/2020,Universidad Bolivariana,10768
200965,pinterest.com,10/20/2020,University College of Nabi Akram,10966
200966,wsj.com,9/17/2020,King's College,10662
200967,lulu.com,3/4/2021,University of the West Indies St. Augustine,10263
200968,cisco.com,6/22/2020,Uva Wellassa University,10753
200969,oaic.gov.au,3/2/2021,Universidad Nacional,10230
200970,moonfruit.com,11/29/2020,Forest Research Institute Dehradun,10072
200971,umn.edu,11/2/2020,"Institute of Teachers Education, Raja Melewar",10594
200972,howstuffworks.com,4/28/2020,Universidad Privada del Este,10810
200973,unicef.org,9/17/2020,Baki Business University,10839
200974,about.me,6/21/2020,Nagoya Gakuin University,10810
200975,whitehouse.gov,4/12/2021,"The Maryland Institute, College of Art",10989
200976,slideshare.net,11/19/2020,Houghton College,10856
200977,abc.net.au,10/20/2020,North Ossetian State University,10342
200978,php.net,4/13/2021,University of Aden,10084
200979,paginegialle.it,9/21/2020,Emporia State University,10542
200980,kickstarter.com,6/11/2020,Universiti Malaysia Perlis,10173
200981,umn.edu,8/25/2020,Isfahan University,10224
200982,xing.com,2/5/2021,University of Neuchatel,10260
200983,xinhuanet.com,12/29/2020,"Islamic Azad University, Tehran Medical",10548
200984,yolasite.com,5/15/2020,King Fahad University of Petroleum and Minerals,10814
200985,salon.com,7/24/2020,Athlone Institute of Technology,10056
200986,mapquest.com,12/4/2020,Jewish University in Moscow,10697
200987,forbes.com,5/10/2020,Universidad Privada del Este,10587
200988,google.com.br,6/25/2020,Universitas Haluoleo,10326
200989,163.com,4/12/2021,Ochanomizu Women's University,10973
200990,yelp.com,1/11/2021,Sudan University for Science and Technology,10563
200991,auda.org.au,2/25/2021,"London School of Economics and Political Science, University of London",10644
200992,ucoz.ru,7/4/2020,European Carolus Magnus University,10603
200993,moonfruit.com,8/21/2020,William Paterson University,10331
200994,amazonaws.com,11/20/2020,Alaska Pacific University,10158
200995,gravatar.com,3/25/2021,Jinnah University for Women,10208
200996,vkontakte.ru,7/28/2020,Georgia Health Sciences University,10585
200997,exblog.jp,1/21/2021,Central Radio and TV University,10237
200998,123-reg.co.uk,12/2/2020,Dallas Baptist University,10091
200999,joomla.org,4/30/2020,Pedagogical University of Rzeszow,10898
201000,go.com,10/16/2020,Sanford-Brown Institute,10191
