DataSourceID,DataSource
1000,"Nelco Laboratories, Inc."
1001,Pharmacia and Upjohn Company
1002,Cardinal Health
1003,THE KROGER COMPANY
1004,Procter & Gamble Manufacturing Company
1005,"Daiichi Sankyo, Inc."
1006,Amerisource Bergen
1007,Lancaster S.A.M.
1008,RITE AID CORPORATION
1009,"Aruba Aloe Balm, NV"
1010,Uriel Pharmacy Inc.
1011,"Ventura Corporation, LTD"
1012,ARMY AND AIR FORCE EXCHANGE SERVICE
1013,"Nelco Laboratories, Inc."
1014,"Church & Dwight Co., Inc."
1015,Jubilant HollisterStier LLC
1016,"NCS HealthCare of KY, Inc dba Vangard Labs"
1017,Ranbaxy Pharmaceuticals Inc.
1018,"Allergy Laboratories, Inc."
1019,CoValence Inc.
1020,"MedVantx, Inc."
1021,REMEDYREPACK INC.
1022,"Ventura International, LTD"
1023,"Preferred Pharmaceuticals, Inc."
1024,"Carma Laboratories, Inc."
1025,Chain Drug Marketing Association Inc.
1026,Bayer HealthCare LLC
1027,"ATOMY CO., LTD."
1028,"NeoPharm Co., Ltd."
1029,Amgen Inc
1030,Actavis Inc.
1031,"Nelco Laboratories, Inc."
1032,Neutrogena Corporation
1033,Cantrell Drug Company
1034,"Nelco Laboratories, Inc."
1035,Walgreen Company
1036,CHANEL PARFUMS BEAUTE
1037,Green Choice for Life
1038,"Two Hip Consulting, LLC"
1039,Teva Pharmaceuticals USA Inc
1040,Sanofi Pasteur Inc.
1041,"Kadmon Pharmaceuticals, LLC"
1042,Baxter Healthcare Corporation
1043,Kamins Dermatologics Inc.
1044,McKesson
1045,Health Tech Inc
1046,"Fresenius Kabi USA, LLC"
1047,Perrigo New York Inc
1048,"Prime Packaging, Inc."
1049,Pharmadel LLC
1050,"Nelco Laboratories, Inc."
1051,"NCS HealthCare of KY, Inc dba Vangard Labs"
1052,Rebel Distributors Corp
1053,REMEDYREPACK INC.
1054,Feelgood Health
1055,Meijer Distribution Inc
1056,West-ward Pharmaceutical Corp.
1057,"Physicians Total Care, Inc."
1058,Novo Nordisk
1059,STAT Rx USA LLC
1060,Golden State Medical Supply
1061,West-Ward Pharmaceutical Corp
1062,"Wal-Mart Stores, Inc."
1063,L'Oreal USA Products Inc
1064,"Prime Packaging, Inc."
1065,"Antigen Laboratories, Inc."
1066,H E B
1067,"Blenheim Pharmacal, Inc."
1068,REMEDYREPACK INC.
1069,"Nelco Laboratories, Inc."
1070,Actavis Mid Atlantic LLC
1071,American Health Packaging
1072,AMOREPACIFIC
1073,NARS Cosmetics
1074,AnazaoHealth Corporation
1075,GlaxoSmithKline LLC
1076,Northwind Pharmaceuticals
1077,bryant ranch prepack
1078,"FRED'S, INC."
1079,Actavis Elizabeth LLC
1080,Meijer Distribution Inc
1081,King Bio Inc.
1082,Mondelez Global LLC
1083,3-P Specialty Inc.
1084,NorthStar Rx LLC
1085,Dr.Reddy's Laboratories Limited
1086,"PD-Rx Pharmaceuticals, Inc."
1087,SPAI SONS PHARMACEUTICAL INTERNATIONAL COSMETICS
1088,Aurobindo Pharma Limited
1089,Procter & Gamble Manufacturing Company
1090,"Aplicare, Inc."
1091,Laboratoires Clarins S.A.
1092,L. Perrigo Company
1093,Jubilant HollisterStier LLC
1094,PRESCRIPTIVES INC.
1095,REMEDYREPACK INC.
1096,J. A. Cosmetics U.S. INC
1097,Dispensing Solutions Inc.
1098,Uriel Pharmacy Inc.
1099,Western Family Foods Inc
1100,REMEDYREPACK INC.
1101,Wal-Mart Stores Inc
1102,McKesson Contract Packaging
1103,Forest Laboratories
1104,Arbor Pharmaceuticals Ireland Limited
1105,REMEDYREPACK INC.
1106,Dr. Reddy's Laboratories Limited
1107,OraLabs
1108,"Colgate Oral Pharmaceuticals, Inc."
1109,Mylan Pharmaceuticals Inc.
1110,Major Pharmaceuticals
1111,"SJ Creations, Inc."
1112,Unifirst First Aid Corporation
1113,Kroger Company
1114,"Elizabeth Arden, Inc"
1115,Uriel Pharmacy Inc.
1116,"Allergy Laboratories, Inc."
1117,REMEDYREPACK INC.
1118,"Nova Homeopathic Therapeutics, Inc."
1119,REMEDYREPACK INC.
1120,Remedy Makers
1121,NorthStar Rx LLC
1122,Apotex Corporation
1123,Apotex Corp.
1124,Sun Pharmaceutical Industries Limited
1125,Natural Health Supply
1126,PRINCE OF PEACE ENTERPRISES INC.
1127,Ventura Corporation LTD
1128,Contract Pharmacy Services-PA
1129,Rejoice International
1130,"Roxane Laboratories, Inc."
1131,Supervalu Inc
1132,ENCHANTE ACCESSORIES INC.
1133,"MEIJER, INC."
1134,Mylan Pharmaceuticals Inc.
1135,"Hospira, Inc."
1136,Supervalu Inc
1137,"Chain Drug Consortium, LLC"
1138,"Napoleon Perdis Cosmetics, Inc"
1139,Pharmacia and Upjohn Company
1140,"SJ Creations, Inc."
1141,REMEDYREPACK INC.
1142,Guthy-Renker LLC
1143,Jubilant HollisterStier LLC
1144,"Allegis Pharmaceuticals, LLC"
1145,McKesson Packaging Services Business Unit of McKesson Corporation
1146,American Health Packaging
1147,IASO Inc
1148,Lake Erie Medical DBA Quality Care Products LLC
1149,"Benefit Cosmetics, LLC"
1150,State of Florida DOH Central Pharmacy
1151,GlaxoSmithKline LLC
1152,International Beauty Exchange
1153,Dr. Reddy's Laboratories Inc
1154,RedPharm Drug Inc.
1155,Rite Aid Corporation
1156,L. Perrigo Company
1157,"Onpointm, Inc"
1158,Lake Erie Medical DBA Quality Care Products LLC
1159,Unit Dose Services
1160,"Antigen Laboratories, Inc."
1161,Jubilant HollisterStier LLC
1162,"Changzhou Jianze Sanitary Material Co., Ltd."
1163,STAT Rx USA LLC
1164,Jubilant HollisterStier LLC
1165,Oceanside Pharmaceuticals
1166,Lake Erie Medical DBA Quality Care Products LLC
1167,Genesis
1168,sanofi-aventis U.S. LLC
1169,"WOONSOCKET PRESCRIPTION CENTER,INCORPORATED"
1170,Rodan & Fields
1171,Rochester Midland Corporation
1172,Susanne Lang Fragrance Inc.
1173,Kimberly-Clark Corporation
1174,UNITHER Manufacturing LLC
1175,"Bare Escentuals Beauty, Inc."
1176,"Mikart, Inc."
1177,Actavis Elizabeth LLC
1178,URIEL PHARMACY INC.
1179,The Dial Corporation
1180,McKesson Packaging Services Business Unit of McKesson Corporation
1181,"Aphena Pharma Solutions - Tennessee, Inc."
1182,Greenbrier International
1183,"SJ Creations, Inc."
1184,"PD-Rx Pharmaceuticals, Inc."
1185,Anna Lotan Ltd
1186,Uriel Pharmacy Inc.
1187,SHISEIDO AMERICAS CORPORATION
1188,"Warner Chilcott (US), LLC"
1189,"Nelco Laboratories, Inc."
1190,"Covis Pharmaceuticals, Inc."
1191,Sperian Eye & Face Protection Inc
1192,"Accord Healthcare, Inc."
1193,Cardinal Health
1194,Native Remedies LLC
1195,HOMEOLAB USA INC.
1196,St. John's Medical Supply
1197,"PD-Rx Pharmaceuticals, Inc."
1198,STAT RX USA LLC
1199,"ProStrakan, Inc."
1200,Publix Super Markets Inc
1201,Eisai Inc.
1202,Roerig
1203,"Blue Cross Laboratories, Inc."
1204,"General Injectables & Vaccines, Inc"
1205,"Preferred Pharmaceuticals, Inc"
1206,"Melo's Gas and Gear, Inc."
1207,"Mutual Pharmaceutical Company, Inc."
1208,Jubilant HollisterStier LLC
1209,Eli Lilly and Company
1210,"Amneal Pharmaceuticals, LLC"
1211,Ben E. Keith Foods
1212,"Nelco Laboratories, Inc."
1213,Cardinal Health
1214,Techgas Inc.
1215,Ventura International LTD
1216,McKesson Contract Packaging
1217,Washington Homeopathic Products
1218,"Hot Shots NM, LLC dba Midwest Positron Technology, LC"
1219,Ventura International LTD.
1220,Pf Nature
1221,HyVee Inc
1222,"ZION SYNTHETIC FIBER CO., LTD."
1223,McKesson Packaging Services Business Unit of McKesson Corporation
1224,"Antigen Laboratories, Inc."
1225,Wyeth Consumer Healthcare
1226,REMEDYREPACK INC.
1227,Wockhardt Limited
1228,"Eon Labs, Inc."
1229,"Dispensing Solutions, Inc."
1230,"General Injectables & Vaccines, Inc"
1231,Alembic Pharmaceuticals Limited
1232,"Physicians Total Care, Inc."
1233,Hydrox Laboratories
1234,"Auto-Chlor System, LLC"
1235,REMEDYREPACK INC.
1236,"Nature's Way Products, Inc."
1237,Procter & Gamble Manufacturing Co.
1238,"Golden State Medical Supply, Inc."
1239,Actavis Mid Atlantic LLC
1240,Major Pharmaceuticals
1241,"Antigen Laboratories, Inc."
1242,STAT RX USA LLC
1243,"Par Pharmaceutical, Inc."
1244,E. Fougera & Co. a division of Fougera Pharmaceuticals Inc.
1245,Bausch & Lomb Incorporated
1246,Cardinal Health
1247,"TONYMOLY CO., LTD."
1248,Lake Erie Medical DBA Quality Care Products LLC
1249,"Hospira, Inc."
1250,"Coloplast Manufacturing US, LLC"
1251,State of Florida DOH Central Pharmacy
1252,"Bolero Home Decor, Inc."
1253,Amneal Pharmaceuticals
1254,REMEDYREPACK INC.
1255,Kroger Company
1256,Ventura Corporation LTD.
1257,Aidarex Pharmaceuticals LLC
1258,"Golden State Medical Supply, Inc."
1259,"Actavis Pharma, Inc."
1260,"BioActive Nutritional, Inc."
1261,Pfizer Laboratories Div Pfizer Inc
1262,"Allergy Laboratories, Inc."
1263,Velocity Pharma
1264,REMEDYREPACK INC.
1265,Cadila Healthcare Limited
1266,McKesson
1267,"Amneal-Agila, LLC"
1268,Cardinal Health
1269,University Medical Pharmaceuticals Corp
1270,Energizer Personal Care LLC
1271,Natural Health Supply
1272,Premiere Enterprises
1273,"Xttrium Laboratories, Inc."
1274,"Nelco Laboratories, Inc."
1275,"Bolero Home Decor, Inc."
1276,"Caraco Pharmaceutical Laboratories, Ltd."
1277,Syntrion GmbH
1278,Temmentec Ag
1279,ALL NATURAL DYNAMICS
1280,Novartis Pharmaceuticals Corporation
1281,Zydus Pharmaceuticals (USA) Inc.
1282,Cadila Healthcare Limited
1283,"Philosophy, Inc."
1284,Unit Dose Services
1285,"NCS HealthCare of KY, Inc dba Vangard Labs"
1286,American Health Packaging
1287,American Health Packaging
1288,"Native Remedies, LLC"
1289,"Antigen Laboratories, Inc."
1290,"Bare Escentuals Beauty, Inc."
1291,"Aphena Pharma Solutions - Tennessee, LLC"
1292,Virtus Pharmaceuticals LLC
1293,"Bare Escentuals Beauty, Inc."
1294,"Alcon Laboratories, Inc."
1295,Barr Laboratories Inc.
1296,"Med-Health Pharma, LLC"
1297,Zydus Pharmaceuticals (USA) Inc.
1298,"Roxane Laboratories, Inc"
1299,Apotex Corp.
1300,Kroger Company
1301,Athlete's Needs Inc
1302,"SJ Creations, Inc."
1303,"BioActive Nutritional, Inc."
1304,Cardinal Health
1305,CVS Pharmacy
1306,Community Home Health Services
1307,ENCHANTE ACCESSORIES INC.
1308,McKesson Contract Packaging
1309,"Cruising Chrome Cosmetics, LLC"
1310,Teva Women's Health Inc.
1311,"Allermed Laboratories, Inc."
1312,American Health Packaging
1313,Pliva Inc.
1314,"Taro Pharmaceuticals U.S.A., Inc."
1315,"Markwins Beauty Products, Inc"
1316,"Golden State Medical Supply, Inc."
1317,Worldwide Sales & Distribution Corp.
1318,Apotex Corp
1319,"Physicians Total Care, Inc."
1320,Uriel Pharmacy Inc.
1321,HyVee Inc
1322,"Nelco Laboratories, Inc."
1323,Unifirst First Aid Corporation
1324,Blossom Pharmaceuticals
1325,Rebel Distributors Corp.
1326,Lake Erie Medical DBA Quality Care Products LLC
1327,Sandoz Inc
1328,"E.R. Squibb & Sons, L.L.C."
1329,Apotheca Company
1330,Lake Erie Medical DBA Quality Care Products LLC
1331,Pliva Inc.
1332,Natural Health Supply
1333,Sun Pharmaceutical Industries Limited
1334,Air Care Home Health Inc
1335,"Preferred Pharmaceuticals, Inc"
1336,Guna spa
1337,Procter & Gamble Manufacturing Company
1338,Legacy Pharmaceutical Packaging
1339,Wuxi Medical Instrument Factory
1340,"Hospira, Inc."
1341,"Physicians Total Care, Inc."
1342,Contract Pharmacy Services-PA
1343,Hydrox Laboratories
1344,"Hospira, Inc."
1345,Insight Pharmaceuticals
1346,"Golden State Medical Supply, Inc."
1347,"Sato Pharmaceutical Co., Ltd."
1348,"Wockhardt USA, LLC"
1349,"LG Household and Healthcare, Inc."
1350,Simpex Pharma Pvt. Ltd
1351,"Clinical 1 Home Medical, Inc."
1352,Cardinal Health
1353,REMEDYREPACK INC.
1354,Purdue Products LP
1355,Supervalu Inc
1356,Rebel Distributors Corp.
1357,"Itonis, Inc."
1358,Aurobindo Pharma Limited
1359,"Personal Care Products, LLC"
1360,REMEDYREPACK INC.
1361,"Amylin Pharmaceuticals, LLC"
1362,Hyland's
1363,"Roxane Laboratories, Inc"
1364,A-S Medication Solutions LLC
1365,SHISEIDO AMERICA INC.
1366,CVS Pharmacy
1367,"WFM Private Label, LP"
1368,"LG Household and Healthcare, Inc."
1369,Teva Pharmaceuticals USA Inc
1370,American Sales Company
1371,HEB
1372,"Jets, Sets, & Elephants Beauty Corp."
1373,Cadila Healthcare Limited
1374,E. Fougera & Co. a division of Fougera Pharmaceuticals Inc.
1375,"Bath & Body Works, Inc."
1376,Aero All Gas Company
1377,Hyland's
1378,"NATURE REPUBLIC CO., LTD."
1379,"ABC Compounding Co., Inc."
1380,Mylan Pharmaceuticals Inc.
1381,Apotex Corp
1382,"Nelco Laboratories, Inc."
1383,"Poly Pharmaceuticals, Inc."
1384,Parfums Christian Dior
1385,Cardinal Health
1386,LIBINVEST
1387,McKesson Packaging Services a business unit of McKesson Corporation
1388,"WOONSOCKET PRESCRIPTION CENTER,INCORPORATED"
1389,"IVAX Pharmaceuticals, Inc."
1390,Midlothian Laboratories
1391,AMERICAN SALES COMPANY
1392,Unifirst First Aid Corporation
1393,"Hospira Worldwide, Inc."
1394,"ALK-Abello, Inc."
1395,AKG Innovations LLC
1396,Cardinal Health
1397,"Sage Products, Inc."
1398,Ranbaxy Pharmaceuticals Inc.
1399,Sandoz Inc
1400,American Health Packaging
1401,"Personal Care Products, Inc."
1402,"Physicians Total Care, Inc."
1403,Qualitest Pharmaceuticals
1404,Neutrogena Corporation
1405,Carilion Materials Management
1406,Western Family Foods Inc
1407,"Paddock Laboratories, LLC"
1408,Uriel Pharmacy Inc.
1409,Hikma Pharmaceutical
1410,"Nelco Laboratories, Inc."
1411,REMEDYREPACK INC.
1412,Sanofi-Aventis U.S. LLC
1413,Pharbest Pharmaceuticals Inc.
1414,E. FOUGERA & CO. A division of Fougera Pharmaceuticals Inc.
1415,Apotex Corp.
1416,Cardinal Health
1417,Bausch & Lomb Incorporated
1418,State of Florida DOH Central Pharmacy
1419,WOCKHARDT USA LLC
1420,"Zinka, Inc."
1421,Rebel Distributors Corp
1422,Uriel Pharmacy Inc.
1423,Baxter Healthcare Corporation
1424,SHISEIDO AMERICAS CORPORATION
1425,"Gloves in a Bottle, Inc"
1426,Jubilant HollisterStier LLC
1427,CVS
1428,Mckesson (Sunmark)
1429,American Health Packaging
1430,Neutrogena Corporation
1431,KMART CORPORATION
1432,Valeant Pharmaceuticals North America LLC
1433,"Fresenius Kabi USA, LLC"
1434,Rebel Distributors Corp
1435,CVS Pharmacy
1436,Major Pharmaceuticals
1437,Qualitest Pharmaceuticals
1438,"Magna Pharmaceuticals, Inc."
1439,Carilion Materials Management
1440,Clinical Solutions Wholesale
1441,"True Botanica, LLC"
1442,AvPAK
1443,Bryant Ranch Prepack
1444,"Innocutis Holdings, LLC"
1445,"Claris Lifesciences, Inc."
1446,NorthStar RxLLC
1447,"Preferred Pharmaceuticals, Inc."
1448,Uriel Pharmacy Inc.
1449,Amerisource Bergen
1450,"ALK-Abello, Inc."
1451,CVS
1452,State of Florida DOH Central Pharmacy
1453,REMEDYREPACK INC.
1454,"Vertical Pharmaceuticals, Inc."
1455,Aurobindo Pharma Limited
1456,Bausch & Lomb Incorporated
1457,"Preferred Pharmaceuticals, Inc."
1458,"APHENA PHARMA SOLUTIONS - TENNESSEE, INC."
1459,"Sun & Skin Care Research, LLC"
1460,Lake Erie Medical & Surgical Supply DBA Quality Care Products LLC
1461,Rising Pharmaceuticals Inc
1462,"Dispensing Solutions, Inc."
1463,Cardinal Health
1464,"Nelco Laboratories, Inc."
1465,Target Corporation
1466,Ecolab Inc.
1467,"Somaxon Pharmaceuticals, Inc."
1468,"Pack Pharmaceuticals, LLC"
1469,REMEDYREPACK INC.
1470,"Dispensing Solutions, Inc."
1471,Sandoz Inc
1472,International Beauty Exchange
1473,Water-Jel Technologies
1474,"Breckenridge Pharmaceutical, Inc."
1475,"Actavis Pharma, Inc."
1476,REMEDYREPACK INC.
1477,"Concept Laboratories, Inc."
1478,State of Florida DOH Central Pharmacy
1479,Mylan Institutional Inc.
1480,"Teva Parenteral Medicines, Inc."
1481,Mylan Institutional Inc.
1482,International Beauty Exchange
1483,"Watson Laboratories, Inc."
1484,Walgreens Co
1485,"Aton Pharma, Inc"
1486,King Bio Inc.
1487,"Antigen Laboratories, Inc."
1488,"Upsher-Smith Laboratories, Inc."
1489,"Laboratorios Roldan, S.A."
1490,"Ventura Corporation, LTD"
1491,Tower Laboratories Ltd
1492,"AvKARE, Inc."
1493,REMEDYREPACK INC.
1494,"Allergy Laboratories, Inc."
1495,Sagent Pharmaceticals
1496,Cipla Limited
1497,Amerisource Bergen
1498,Bare Escentuals Beauty Inc.
1499,"Suzhou Jingying Daily Necessities Co., Ltd."
1500,"Par Pharmaceutical, Inc."
1501,Valu Merchandisers Company
1502,"Antigen Laboratories, Inc."
1503,Mylan Pharmaceuticals Inc.
1504,KAISER FOUNDATION HOSPITALS
1505,CVS Pharmacy
1506,Lake Erie Medical DBA Quality Care Products LLC
1507,"American Regent, Inc."
1508,Hunter's Specialties
1509,HOMEOLAB USA INC
1510,"ALK-Abello, Inc."
1511,REMEDYREPACK INC.
1512,Woodbine Products Company
1513,Ethex Corporation
1514,"SJ Creations, Inc."
1515,"Therapon Skin Health, LP"
1516,"Physicians Total Care, Inc."
1517,Aidarex Pharmaceuticals LLC
1518,A-S Medication Solutions LLC
1519,"Eon Labs, Inc."
1520,"Seyer Pharmatec, Inc."
1521,West-ward Pharmaceutical Corp.
1522,AvPAK
1523,Par Pharmaceutical Inc.
1524,Major Pharmaceuticals
1525,"BB17, LLC"
1526,Emilia Personal Care Inc.
1527,Apotheca Company
1528,B. Braun Medical Inc.
1529,REMEDYREPACK INC.
1530,Rebel Distributors Corp
1531,Mylan Institutional Inc.
1532,"Wal-Mart Stores, Inc."
1533,"Physicians Total Care, Inc."
1534,CVS Pharmacy
1535,Laboratoires Boiron
1536,"NANTONG STRIP MEDICAL SUPPLY CO.,LTD."
1537,"Mallinckrodt, Inc."
1538,"MSD Consumer Care, Inc."
1539,"Antigen Laboratories, Inc."
1540,"Gurwitch Products, LLC"
1541,"Bristol-Myers Squibb de Mexico, S. de R.L. de C.V."
1542,"Ventura Corporation (San Juan, P.R)"
1543,"Bolero Home Decor, Inc."
1544,"Brioschi Pharmaceuticals International, LLC"
1545,"Fresenius Kabi USA, LLC"
1546,Eduard Gerlach GmbH
1547,Neutrogena Corporation
1548,"American Regent, Inc."
1549,"Liddell Laboratories, Inc."
1550,West-ward Pharmaceutical Corp
1551,"Par Pharmaceutical, Inc."
1552,Cardinal Health
1553,Rhodes Pharmaceuticals L.P.
1554,Ventura Corporation LTD
1555,TOPCO ASSOCIATES LLC
1556,"Dermalogica, Inc."
1557,"Merz Pharmaceuticals, LLC"
1558,American Health Packaging
1559,REMEDYREPACK INC.
1560,Teva Pharmaceuticals USA Inc
1561,Gadal Laboratories Inc
1562,MEGASOL COSMETIC GMBH
1563,Deseret Biologicals
1564,Fresenius Medical Care North America
1565,"PD-Rx Pharmaceuticals, Inc."
1566,King Bio Inc.
1567,LivCorp Inc.
1568,"B4 Ventures, LLC"
1569,Major Pharmaceuticals
1570,SHISEIDO AMERICAS CORPORATION
1571,Gadal Laboratories Inc
1572,"Elizabeth Arden, Inc"
1573,Mylan Pharmaceuticals Inc.
1574,"Allergy Laboratories, Inc."
1575,Wal-Mart Stores Inc
1576,"AAA Pharmaceutical, Inc."
1577,Natureplex LLC
1578,"Dispensing Solutions, Inc."
1579,"Blenheim Pharmacal, Inc."
1580,Guna spa
1581,WOCKHARDT USA LLC
1582,Remedy Makers
1583,"Deseret Biologicals, Inc."
1584,Uriel Pharmacy Inc.
1585,Natural Health Supply
1586,"Janssen Pharmaceuticals, Inc."
1587,McKesson Contract Packaging
1588,"Nelco Laboratories, Inc."
1589,Carilion Materials Management
1590,"Rejoice International, Inc."
1591,"Chiesi USA, Inc."
1592,CARDINAL HEALTH
1593,REMEDYREPACK INC.
1594,"NCS HealthCare of KY, Inc dba Vangard Labs"
1595,Galentic Pharma (India) Private Limited
1596,A-S Medication Solutions LLC
1597,"Dolgencorp, Inc. (DOLLAR GENERAL & REXALL)"
1598,Rite Aid
1599,"Tropical Seas, Inc."
1600,Cardinal Health
1601,Supervalu Inc
1602,"Actavis Pharma, Inc."
1603,Similasan Corporation
1604,CVS Pharmacy Inc
1605,Pfizer Laboratories
1606,"TONYMOLY CO., LTD."
1607,Celgene Corporation
1608,"Meijer Distribution, Inc"
1609,"E. Fougera & CO., A division of Fougera Pharmaceuticals Inc."
1610,"Physicians Total Care, Inc."
1611,Medicine Shoppe International Inc
1612,"Actient Pharmaceuticals, LLC"
1613,Sandoz Inc
1614,"Weeks & Leo Co., Inc."
1615,Rejoice International
1616,Citron Pharma LLC
1617,Western Family Foods Inc
1618,"SJ Creations, Inc."
1619,A-S Medication Solutions LLC
1620,"Prime Packaging, Inc."
1621,"Nelco Laboratories, Inc."
1622,Meijer Distribution Inc
1623,Novartis Pharmaceuticals Corporation
1624,NorthStar Rx LLC
1625,"ALK-Abello, Inc."
1626,Major Pharmaceuticals
1627,The Dial Corporation
1628,CVS PHARMACY
1629,"Physicians Total Care, Inc."
1630,St Marys Medical Park Pharmacy
1631,"Nelco Laboratories, Inc."
1632,Perrigo New York Inc
1633,McKesson Contract Packaging
1634,King Bio Inc.
1635,"Smith & Nephew, Inc."
1636,Integria Healthcare Ballina
1637,"KVK-TECH, INC"
1638,"JUBILANT CADISTA PHARMACEUTICALS, INC."
1639,"The Hain Celestial Group, Inc."
1640,"Blu Pharmaceuticals, LLC"
1641,"Nelco Laboratories, Inc."
1642,American Health Packaging
1643,Unit Dose Services
1644,"GRIFOLS USA, LLC"
1645,Mylan Institutional Inc.
1646,"Pharmaceutical Associates, Inc."
1647,Parfums Christian Dior
1648,The Mentholatum Company
1649,Kroger Company
1650,REMEDYREPACK INC.
1651,"APP Pharmaceuticals, LLC"
1652,"ALK-Abello, Inc."
1653,"Hi-Tech Pharmacal Co., Inc."
1654,"Sheencolor Biotech Co., Ltd."
1655,Kremers Urban Pharmaceuticals Inc.
1656,Baxter Healthcare Corporation
1657,Cadila Healthcare Limited
1658,GOOD SKIN DERMACARE
1659,Shionogi Inc.
1660,Parfums Christian Dior
1661,A-S Medication Solutions LLC
1662,Ventura International LTD.
1663,Jafra Cosmetics International Inc
1664,"Nelco Laboratories, Inc."
1665,Care One (American Sales Company)
1666,REMEDYREPACK INC.
1667,Ken Mable
1668,"Physicians Total Care, Inc."
1669,Keltman Pharmaceuticals Inc.
1670,Meijer Distribution Inc
1671,REMEDYREPACK INC.
1672,REMEDYREPACK INC.
1673,"Golden State Medical Supply, Inc."
1674,A-S Medication Solutions LLC
1675,Bryant Ranch Prepack
1676,STAT Rx USA LLC
1677,"Deseret Biologicals, Inc."
1678,"Nelco Laboratories, Inc."
1679,MedChem Manufacturing Inc. dba Enovachem
1680,"MSD Consumer Care, Inc."
1681,TARGET Corporation
1682,"Akorn, Inc."
1683,Uriel Pharmacy Inc.
1684,"IVAX Pharmaceuticals, Inc."
1685,Target Corporation
1686,"Henry Schein, Inc."
1687,"C.O. Truxton, Inc."
1688,Uriel Pharmacy Inc.
1689,"Roxane Laboratories, Inc"
1690,Uriel Pharmacy Inc.
1691,"Harrison Specialty Co., Inc."
1692,"THEFACESHOP CO., LTD."
1693,Geri-Care Pharmaceutical Corp
1694,Conopco Inc. d/b/a Unilever
1695,Bryant Ranch Prepack
1696,Uriel Pharmacy Inc.
1697,J. A. Cosmetics U.S. INC
1698,"BB17, LLC"
1699,A-S Medication Solutions LLC
1700,"Libertas Pharma, Inc."
1701,Yves Rocher North America Inc. DBA Laboratoire de biologie vegetal Yves Rocher
1702,Sun Pharmaceutical Industries Limited
1703,"APP Pharmaceuticals, LLC"
1704,CHANEL PARFUMS BEAUTE
1705,"NCS HealthCare of KY, Inc dba Vangard Labs"
1706,State of Florida DOH Central Pharmacy
1707,Bottega di Lungavita Srl
1708,Purdue Pharma LP
1709,Apotheca Company
1710,Moore Medical LLC
1711,Bayer HealthCare LLC
1712,"Dispensing Solutions, Inc."
1713,"Rodan & Fields, LLC."
1714,Amneal Pharmaceuticals of NY LLC
1715,American Health Packaging
1716,Rite Aid
1717,"Ista Pharmaceuticals, Inc"
1718,"PD-Rx Pharmaceuticals, Inc."
1719,Uriel Pharmacy Inc.
1720,"Physicians Total Care, Inc."
1721,"Newton Laboratories, Inc."
1722,Legacy Pharmaceutical Packaging
1723,BioActive Nutritional
1724,Exelan Pharmaceuticals Inc.
1725,Cardinal Health
1726,Eli Lilly and Company
1727,Ranbaxy Pharmaceuticals Inc.
1728,St Marys Medical Park Pharmacy
1729,Cantrell Drug Company
1730,Novartis Consumer Health
1731,Zydus Pharmaceuticals (USA) Inc.
1732,"Physicians Total Care, Inc."
1733,REMEDYREPACK INC.
1734,Legacy Pharmaceutical Packaging
1735,"Linde Gas Puerto Rico, Inc"
1736,Teva Pharmaceuticals USA Inc
1737,Colgate-Palmolive Company
1738,Physician Therapeutics LLC
1739,"E. FOUGERA & CO., A division of Nycomed US Inc."
1740,International Beauty Exchange
1741,"Physicians Total Care, Inc."
1742,WALGREEN COMPANY
1743,COSTCO WHOLESALE CORPORATION
1744,"Roxane Laboratories, Inc."
1745,"DLC Laboratories, Inc."
1746,Eisai Inc.
1747,"APP Pharmaceuticals, LLC"
1748,Richmond Division of Wyeth
1749,Natural Health Supply
1750,"Breckenridge Pharmaceutical, Inc."
1751,"Warner Chilcott (US), LLC"
1752,State of Florida DOH Central Pharmacy
1753,"Idelle Labs, Ltd"
1754,"FRED'S, INC."
1755,RITE AID CORPORATION
1756,Bennett Medical Services
1757,"Blenheim Pharmacal, Inc."
1758,AMOREPACIFIC
1759,Par Pharmaceutical Inc.
1760,Contract Pharmacy Services-PA
1761,"ALK-Abello, Inc."
1762,TARGET Corporation
1763,"Glenmark Generics Inc., USA"
1764,Procter & Gamble Manufacturing Company
1765,Kosan Kozmetik Sanayi ve Ticaret A.S.
1766,SHISEIDO AMERICAS CORPORATION
1767,Major Pharmaceuticals
1768,Acetylene Oxygen Company
1769,AMOREPACIFIC
1770,"Ningbo Dowland Daily Health Co., Ltd"
1771,Laboratoires Clarins S.A.
1772,"KEDRION BIOPHARMA, INC"
1773,Mission Hills S.A de C.V
1774,Western Family Foods Inc
1775,bryant ranch prepack
1776,"Chrio Korea Co., Ltd"
1777,"ALK-Abello, Inc."
1778,Conopco Inc. d/b/a Unilever
1779,Ranbaxy Pharmaceuticals Inc.
1780,"MSD Consumer Care, Inc."
1781,"Autumn Harp, Inc"
1782,Apotex Corp.
1783,"DOLGENCORP, LLC"
1784,Jubilant HollisterStier LLC
1785,Cardinal Health
1786,"AvKARE, Inc."
1787,"NCS HealthCare of KY, Inc dba Vangard Labs"
1788,Direct Rx
1789,Apotex Corp.
1790,"Newton Laboratories, Inc."
1791,Tal Pharma LLC
1792,International Nature Nutraceuticals
1793,Unit Dose Services
1794,McKesson
1795,"GRIFOLS USA, LLC"
1796,Apotex Corp.
1797,Lake Erie Medical DBA Quality Care Products LLC
1798,Major Pharmaceuticals
1799,Major Pharmaceuticals
1800,Cardinal Health
1801,Clinical Solutions Wholesale
1802,St Marys Medical Park Pharmacy
1803,"Nelco Laboratories, Inc."
1804,Precision Dose Inc.
1805,RedPharm Drug Inc.
1806,WAL-MART STORES INC
1807,Reckitt Benckiser LLC
1808,Insight Pharmaceuticals
1809,"Paddock Laboratories, LLC"
1810,Akorn Inc.
1811,Insight Pharmaceuticals
1812,Kroger Company
1813,Macleods Pharmaceuticals Limited
1814,"Preferred Pharmaceuticals, Inc"
1815,"PD-Rx Pharmaceuticals, Inc."
1816,"Mallinckrodt, Inc."
1817,Barr Laboratories Inc.
1818,"Physicians Total Care, Inc."
1819,The Mentholatum Company
1820,Chantecaille Beaute Inc
1821,"Gilead Sciences, Inc."
1822,Forces of Nature
1823,Clinical Solutions Wholesale
1824,Major Pharmaceuticals
1825,Bryant Ranch Prepack
1826,REMEDYREPACK INC.
1827,Mission Hills S.A de C.V
1828,Teva Women's Health Inc.
1829,LABORATOIRES M&L
1830,Par Pharmaceutical Inc.
1831,Ventura Corporation LTD
1832,Medi-Physics Inc.
1833,TEVA Pharmaceuticals USA Inc
1834,Natural Health Supply
1835,"Bentley Laboratories, LLC"
1836,"Nelco Laboratories, Inc."
1837,"Liddell Laboratories, Inc."
1838,Innovatech Inc
1839,Lake Erie Medical DBA Quality Care Products LLC
1840,"Nelco Laboratories, Inc."
1841,"Physicians Total Care, Inc."
1842,Healing Natural Oils LLC
1843,REMEDYREPACK INC.
1844,"L.N.K. International, Inc."
1845,"Nelco Laboratories, Inc."
1846,Stat Rx USA
1847,Acme United Corporation
1848,"ALK-Abello, Inc."
1849,HyVee Inc
1850,"Nelco Laboratories, Inc."
1851,Pro Vera SA
1852,Teva Pharmaceuticals USA Inc
1853,Graphic Controls
1854,"Liberty Pharmaceuticals, Inc."
1855,Procter & Gamble Manufacturing Co.
1856,Cardinal Health
1857,Meijer Distribution
1858,Apotheca Company
1859,REMEDYREPACK INC.
1860,"Upsher-Smith Laboratories, Inc."
1861,"Northwind Pharmaceuticals, LLC"
1862,"H.J. Harkins Company, Inc."
1863,DZA Brands LLC
1864,AvPAK
1865,American Health Packaging
1866,"CIMA Laboratories, Inc."
1867,"Kareway Product, Inc."
1868,"APHENA PHARMA SOLUTIONS - TENNESSEE, INC."
1869,Topco Associates LLC
1870,Baxter Healthcare Corporation
1871,International Cosmetic Limited
1872,REMEDYREPACK INC.
1873,"Roxane Laboratories, Inc."
1874,Citron Pharma LLC
1875,H E B
1876,J. A. Cosmetics U.S. INC
1877,"Fenwal, Inc."
1878,Meda Consumer Healthcare Inc.
1879,"Nelco Laboratories, Inc."
1880,L Perrigo Company
1881,Apotex Corp.
1882,"E. FOUGERA & CO., A division of Fougera Pharmaceuticals Inc."
1883,Walgreen Co
1884,GlaxoSmithKline LLC
1885,"Aton Pharma, Inc."
1886,Barr Laboratories Inc.
1887,Walgreen Company
1888,Artec Chemical Company Limited
1889,Sun Pharmaceutical Industries Limited
1890,Rebel Distributors Corp
1891,"Certus Medical, Inc."
1892,Covis Pharmaceuticals Inc
1893,"ZION SYNTHETIC FIBER CO., LTD."
1894,Walgreen Company
1895,"Roxane Laboratories, Inc."
1896,"Wal-Mart Stores, Inc."
1897,Jubilant HollisterStier LLC
1898,Western Family Foods Inc
1899,"Amneal Pharmaceuticals of New York, LLC"
1900,American Health Packaging
1901,Gen-Source Rx
1902,"Physicians Total Care, Inc."
1903,Cardinal Health
1904,"Nelco Laboratories, Inc."
1905,Rhodes Pharmaceuticals L.P.
1906,Church & Dwight Canada Corp.
1907,"NSE Products, Inc."
1908,Contract Pharmacy Services-PA
1909,Neutrogena Corporation
1910,Caudalie USA Inc.
1911,"Speer Laboratories, LLC"
1912,Rebel Distributors Corp
1913,"Native Remedies, LLC"
1914,"Hospira, Inc."
1915,"Glenmark Generics Inc., USA"
1916,Mylan Pharmaceuticals Inc.
1917,Corepharma LLC.
1918,Endo Pharmaceuticals
1919,"MallyGirl, LLC"
1920,Sun Pharma Global FZE
1921,Heritage Pharmaceuticals Inc
1922,"Covis Pharmaceuticals, Inc."
1923,"PD-Rx Pharmaceuticals, Inc."
1924,Topco Associates LLC
1925,McKesson
1926,"Aplicare, Inc."
1927,"Nelco Laboratories, Inc."
1928,Eli Lilly and Company
1929,"Skinfix, Inc."
1930,Topco Associates LLC
1931,"NCS HealthCare of KY, Inc dba Vangard Labs"
1932,American Health Packaging
1933,Mylan Pharmaceuticals Inc.
1934,"Allergy Laboratories, Inc."
1935,Topco Associates LLC
1936,"PD-Rx Pharmaceuticals, Inc."
1937,Dr. Reddy's Laboratories Limited
1938,"ALK-Abello, Inc."
1939,"Pharmaceutica North America, Inc."
1940,American Sales Company
1941,A-S Medication Solutions LLC
1942,Premier Value
1943,"Tris Pharma, Inc."
1944,TriMarc Labs
1945,"Newton Laboratories, Inc."
1946,"Genentech, Inc."
1947,Mylan Pharmaceuticals Inc.
1948,Mylan Pharmaceuticals Inc.
1949,"Physicians Total Care, Inc."
1950,KAISER FOUNDATION HOSPITALS
1951,Apotheca Company
1952,Pharmacia and Upjohn Company
1953,Mary Kay INC.
1954,Bryant Ranch Prepack
1955,"Sun & Skin Care Research, LLC"
1956,"Hospira, Inc."
1957,"Antigen Laboratories, Inc."
1958,Topco Associates LLC
1959,REMEDYREPACK INC.
1960,"Papermates, Inc. dba Noteworthy"
1961,Qualitest Pharmaceuticals
1962,L'Oreal USA Products Inc
1963,Cardinal Health
1964,"SHISEIDO CO., LTD."
1965,Rite Aid Corporation
1966,"H.J. Harkins Company, Inc."
1967,"Alvogen, Inc."
1968,Sun Pharmaceutical Industries Limited
1969,Laboratoires Clarins S.A.
1970,Apotheca Company
1971,ViroPharma
1972,Insight Pharmaceuticals
1973,Sanum Kehlbeck GmbH & Co. KG
1974,State of Florida DOH Central Pharmacy
1975,"Actavis Pharma, Inc."
1976,"Wal-Mart Stores, Inc."
1977,"Shopko Stores Operating Co., LLC"
1978,Bryant Ranch Prepack
1979,"Roxane Laboratories, Inc."
1980,"BioActive Nutritional, Inc."
1981,Carroll Company
1982,REMEDYREPACK INC.
1983,Aidarex Pharmaceuticals LLC
1984,"Janssen Products, LP"
1985,"Amneal Pharmaceuticals, LLC"
1986,Apotheca Company
1987,Qualitest Pharmaceuticals
1988,Natural Health Supply
1989,Neutrogena Corporation
1990,Apotheca Company
1991,Aurobindo Pharma Limited
1992,Humphreyline
1993,Teva Pharmaceuticals USA Inc
1994,"Par Pharmaceutical Companies, Inc."
1995,"Physicians Total Care, Inc."
1996,Pure Source Inc.
1997,Amgen Inc
1998,Uriel Pharmacy Inc.
1999,"Nelco Laboratories, Inc."
