PublicationID,Title,DatePub,Journal
200001,multiply.com,3/31/2021,Christopher Newport University
200002,issuu.com,9/24/2020,Amman University
200003,vkontakte.ru,5/17/2020,"Fachhochschule Landshut, Hochschule für Wirtschaft - Sozialwesen - Technik"
200004,usnews.com,1/21/2021,Universidad del Tepeyac
200005,nasa.gov,8/13/2020,University of North Florida
200006,sohu.com,11/6/2020,Instituto Universitario de La Paz
200007,tinyurl.com,2/24/2021,Escuela Militar de Ingeniería
200008,cdbaby.com,8/1/2020,Dunya Institute of Higher Education
200009,free.fr,12/6/2020,University of Aviation and Technology
200010,sciencedaily.com,6/8/2020,Universidad de Especialidades Turísticas 
200011,ebay.co.uk,9/24/2020,Indiana University at Kokomo
200012,github.com,3/21/2021,Darton College
200013,va.gov,2/14/2021,"École nationale d'administration publique, Université du Québec"
200014,dmoz.org,2/19/2021,Université de Jendouba
200015,squarespace.com,7/7/2020,Anadolu University
200016,1und1.de,12/10/2020,University of Basel
200017,chronoengine.com,5/18/2020,Morrison College
200018,mtv.com,12/31/2020,Technische Universität Hamburg-Harburg
200019,mapquest.com,7/31/2020,Sri Lanka Institute of Advanced Technical Education
200020,tumblr.com,4/16/2021,Eindhoven University of Technology
200021,sohu.com,5/17/2020,William Paterson University
200022,chicagotribune.com,9/5/2020,South West University Yucai College
200023,twitpic.com,2/26/2021,The Global College Lahore
200024,list-manage.com,8/9/2020,Helwan University
200025,cdbaby.com,4/11/2021,Columbus University
200026,psu.edu,3/10/2021,Universidad del Quindío
200027,loc.gov,1/3/2021,Taganrog State University of Radioengineering
200028,princeton.edu,11/26/2020,Shahrekord University
200029,hao123.com,1/15/2021,Hebei United University
200030,mysql.com,6/16/2020,Kyushu University
200031,usnews.com,9/16/2020,Noakhali University of Science and Technology
200032,dmoz.org,1/7/2021,Northeast University at Qinhuangdao Campus
200033,hostgator.com,12/20/2020,Lander University
200034,answers.com,6/24/2020,University of Arkansas at Pine Bluff
200035,twitter.com,7/15/2020,European Business School
200036,geocities.jp,4/8/2021,St. Martin's College
200037,mapy.cz,8/11/2020,Thomas More College of Liberal Arts
200038,bloglines.com,10/10/2020,Chunchon National University of Education
200039,facebook.com,1/1/2021,Universidad de la Empresa (UDE)
200040,fastcompany.com,2/19/2021,Universidad Politécnica de Madrid
200041,stanford.edu,7/13/2020,Saratov State University
200042,google.com.br,7/12/2020,North Central College
200043,blogs.com,2/6/2021,Fachhochschule St. Gallen
200044,baidu.com,3/4/2021,Armstrong Atlantic State University
200045,gnu.org,8/26/2020,"University of Mining and Geology ""St. Ivan Rils"""
200046,vkontakte.ru,1/2/2021,Instituto Superior de Paços de Brandão
200047,themeforest.net,10/8/2020,Universitas Pembangunan Panca Budi
200048,techcrunch.com,4/10/2021,Utah State University
200049,mit.edu,3/17/2021,Kobe Pharmaceutical University
200050,google.it,1/4/2021,Southwest University
200051,huffingtonpost.com,10/23/2020,Lincoln University San Francisco
200052,histats.com,5/20/2020,Pomeranian Academy of Medicine in Szczecin
200053,rakuten.co.jp,11/10/2020,Universitas Pattimura
200054,skype.com,3/24/2021,Nichols College
200055,pen.io,4/7/2021,Université d'Avignon
200056,state.tx.us,3/13/2021,Claremont McKenna College
200057,ocn.ne.jp,8/28/2020,Teikyo Heisei University
200058,usda.gov,10/7/2020,University of Agriculture and Veterinary Medicine Timisoara
200059,printfriendly.com,2/17/2021,China University of Mining Technology - Xuzhou
200060,phpbb.com,7/23/2020,Iact College
200061,reuters.com,6/28/2020,Sirte University
200062,symantec.com,2/10/2021,State University of New York College at Brockport
200063,devhub.com,11/28/2020,Hazara University
200064,freewebs.com,4/27/2020,Azzahra University
200065,bloglines.com,3/1/2021,University of Resita
200066,cam.ac.uk,8/29/2020,Ochanomizu Women's University
200067,apple.com,5/14/2020,University of Bucharest
200068,instagram.com,6/27/2020,Copenhagen University
200069,wisc.edu,7/26/2020,North Central College
200070,delicious.com,2/2/2021,Universität Kassel
200071,hao123.com,4/5/2021,Chiba Institute of Technology
200072,salon.com,4/17/2021,Fachhochschule Niederrhein
200073,yolasite.com,6/18/2020,Sang Ji University
200074,phoca.cz,7/15/2020,Life Chiropractic College West
200075,ustream.tv,3/23/2021,Suzuka University of Medical Science
200076,pinterest.com,10/26/2020,Suez Canal University
200077,amazon.co.uk,5/4/2020,Douglas College
200078,myspace.com,3/29/2021,Universiti Darul Iman
200079,amazon.co.uk,5/6/2020,Yonsei University
200080,senate.gov,2/15/2021,Universidad Fidélitas
200081,reddit.com,11/29/2020,Health sciences University of Mongolia
200082,harvard.edu,5/1/2020,Athenaeum of Ohio
200083,canalblog.com,8/14/2020,University of Lancaster
200084,cargocollective.com,7/1/2020,Xi'an University of Architecture and Technology
200085,bizjournals.com,5/17/2020,College in Sládkoviovo
200086,skype.com,9/23/2020,Toyama Medical and Pharmaceutical University
200087,twitter.com,12/7/2020,Georgia Southwestern University
200088,sourceforge.net,7/23/2020,Mogadishu University
200089,sbwire.com,1/14/2021,Modern University for the Humanities
200090,wisc.edu,5/7/2020,Franciscan University of Steubenville
200091,irs.gov,7/20/2020,Universidade Católica de Santos
200092,apache.org,6/22/2020,Ecole Nationale Supérieur de Mécanique et d'Aéronautique
200093,nyu.edu,2/12/2021,Hungarian Academy of Craft and Design
200094,sphinn.com,11/30/2020,Ibaraki University
200095,si.edu,1/2/2021,American International University - Bangladesh
200096,statcounter.com,1/11/2021,"Universidad Laica ""Eloy Alfaro"" de Manabi"
200097,quantcast.com,9/5/2020,Hiroshima Shudo University
200098,cyberchimps.com,11/15/2020,University College of Technology & Innovation (UCTI)
200099,prlog.org,11/9/2020,Universidad Politécnica de Cataluna
200100,va.gov,10/16/2020,Universität Hamburg
200101,smugmug.com,4/10/2021,Vlerick Leuven Gent Management School
200102,miitbeian.gov.cn,12/7/2020,University of Banja Luka
200103,infoseek.co.jp,7/5/2020,IBAIS University
200104,state.tx.us,1/22/2021,Uganda Christian University
200105,chronoengine.com,5/19/2020,Yukon College
200106,surveymonkey.com,7/3/2020,Modern University for the Humanities
200107,nymag.com,4/19/2021,University of Texas Health Center at Houston
200108,xrea.com,3/3/2021,Sambalpur University
200109,forbes.com,1/19/2021,Technological University (Myeik)
200110,bloglines.com,6/19/2020,Yanbian University of Science and Technology
200111,wikimedia.org,3/9/2021,Université Paul Valéry (Montpellier III)
200112,ucsd.edu,8/17/2020,Sevastopol National Technical University
200113,bloomberg.com,4/7/2021,"Universidad Internacional SEK, Quito"
200114,wordpress.com,7/22/2020,Séchenyi István University
200115,foxnews.com,2/14/2021,North China Electric Power University
200116,etsy.com,1/8/2021,Central Radio and TV University
200117,guardian.co.uk,11/3/2020,Institut Supérieur de Commerce et d'Administration des Entreprises
200118,walmart.com,3/29/2021,Vermont Law School
200119,tmall.com,8/8/2020,University of Medicine and Pharmacy of Iasi
200120,drupal.org,8/19/2020,Drake University
200121,domainmarket.com,4/17/2021,DeVry Institute of Technology
200122,studiopress.com,5/19/2020,International School of Management ISM Dortmund
200123,flickr.com,11/4/2020,Freed-Hardeman University
200124,fc2.com,8/25/2020,University of North America
200125,123-reg.co.uk,2/14/2021,Krishna University
200126,tinyurl.com,2/9/2021,Université du Droit et de la Sante (Lille II)
200127,ebay.co.uk,2/17/2021,Wesleyan University Philippines
200128,google.ca,3/20/2021,Kerbala University
200129,tripod.com,8/5/2020,Suleyman Demirel University
200130,boston.com,11/16/2020,Debre Birhan University
200131,i2i.jp,3/16/2021,BiTS - Business and Information Technology School gGmbH
200132,linkedin.com,10/5/2020,Stratford College London
200133,miitbeian.gov.cn,2/28/2021,Université Hassan Ier - Settat
200134,simplemachines.org,8/13/2020,National Sanskrit University
200135,ezinearticles.com,9/17/2020,New York Medical College
200136,kickstarter.com,1/21/2021,Mississippi Valley State University
200137,blogs.com,8/3/2020,Trinity College of Music
200138,tinyurl.com,11/19/2020,Northland College
200139,vistaprint.com,4/10/2021,Central South Forestry University
200140,google.es,11/28/2020,Petrozavodsk State University
200141,cdc.gov,4/20/2021,Universidad Complutense de Madrid
200142,economist.com,8/6/2020,Manhattanville College
200143,cloudflare.com,1/17/2021,"California State University, Hayward"
200144,yahoo.com,11/15/2020,Xi'an University of Electronic Science and Technology
200145,home.pl,1/20/2021,Ecole Supérieure d'Agriculture de Purpan
200146,hc360.com,6/20/2020,University of Leeds
200147,booking.com,11/14/2020,Metropolitan University
200148,mayoclinic.com,2/20/2021,Budapest University of Economic Sciences and Public Administration
200149,bigcartel.com,9/25/2020,Oregon Graduate Institute of Science and Technology
200150,imageshack.us,6/3/2020,Universität Graz
200151,webmd.com,4/17/2021,Technische Universität Clausthal
200152,google.it,4/30/2020,University of Al-Qadisiyah
200153,t.co,12/25/2020,Jimei University
200154,ca.gov,6/25/2020,Daiichi College of Pharmaceutical Sciences
200155,nifty.com,5/1/2020,Seberang Perai Polytechnic
200156,exblog.jp,11/11/2020,Izmir Economic University
200157,acquirethisname.com,2/6/2021,Imam Reza University
200158,cyberchimps.com,1/3/2021,Holy Spirit University of Kaslik
200159,microsoft.com,5/6/2020,University of South Australia
200160,biglobe.ne.jp,7/10/2020,Aurora University
200161,example.com,5/28/2020,Singapore Management University
200162,prweb.com,12/3/2020,Universidad para la Cooperación Internacional
200163,wordpress.org,5/20/2020,Guangdong Polytechnic Normal University
200164,e-recht24.de,9/8/2020,Seoul Women's University
200165,reverbnation.com,9/20/2020,London School of Jewish Studies
200166,earthlink.net,3/30/2021,Binus University
200167,xing.com,12/1/2020,Northwest Nazarene University
200168,dell.com,5/20/2020,Vardhaman Mahaveer Open University
200169,yelp.com,10/23/2020,Northern Kentucky University
200170,wisc.edu,9/27/2020,University of Alaska - Southeast
200171,theglobeandmail.com,12/1/2020,"London School of Hygiene & Tropical Medicine, University of London"
200172,mlb.com,10/1/2020,Newberry College
200173,reverbnation.com,5/26/2020,Universidade Estadual de Campinas
200174,yelp.com,9/4/2020,Fuji University
200175,wordpress.org,1/21/2021,"Institute of Teachers Education, Raja Melewar"
200176,omniture.com,5/9/2020,Hokkaigakuen University of Kitami
200177,wix.com,9/25/2020,National University
200178,netscape.com,7/10/2020,Royal Melbourne Institute of Technology
200179,soup.io,7/4/2020,Open Polytechnic 
200180,arstechnica.com,11/12/2020,Universidade Católica de Salvador
200181,fda.gov,10/28/2020,Jones College
200182,bing.com,5/13/2020,Institut National Polytechnique de Lorraine
200183,census.gov,7/25/2020,Universidad de Viña del Mar
200184,webs.com,5/6/2020,Trinity Christian College
200185,123-reg.co.uk,7/5/2020,Tibet University of Nationalities
200186,npr.org,11/24/2020,Water Resources University
200187,storify.com,7/16/2020,Jagannath University
200188,nytimes.com,12/11/2020,"Ross University, School of Medicine"
200189,goo.ne.jp,6/3/2020,"Islamic Azad University, Shirvan"
200190,sbwire.com,3/19/2021,Universidad Mesoamericana de San Agustín
200191,woothemes.com,5/18/2020,Universidade Tecnica de Angola
200192,t-online.de,10/2/2020,Lafayette College
200193,cam.ac.uk,4/24/2021,Canisius College
200194,eventbrite.com,8/2/2020,Meiji College of Pharmacy
200195,nyu.edu,3/18/2021,Texas Southern University
200196,cdc.gov,8/29/2020,Universidad Católica de Manizales
200197,i2i.jp,10/18/2020,George Fox University
200198,alexa.com,7/17/2020,Tunku Abdul Rahman Chinese College
200199,examiner.com,12/28/2020,Ufuk University
200200,loc.gov,10/22/2020,Universidad de Los Llanos
200201,theatlantic.com,3/15/2021,University of Cebu
200202,jimdo.com,8/4/2020,Ecole Universitaire d'Ingénieurs de Lille
200203,vk.com,2/13/2021,Shokei College
200204,privacy.gov.au,8/3/2020,Minhaj University Lahore
200205,com.com,11/29/2020,University of National and World Economy
200206,slate.com,7/4/2020,Private FernFachhochschule Darmstadt
200207,java.com,1/19/2021,Stamford University
200208,sitemeter.com,2/3/2021,Chongqing University of Science and Technology 
200209,over-blog.com,1/15/2021,Nakhchivan Private University
200210,ted.com,2/19/2021,Gaziantep University
200211,vistaprint.com,7/1/2020,National University of Science and Technology
200212,sourceforge.net,2/16/2021,University of Northern Washington
200213,mediafire.com,10/18/2020,Okanagan University College
200214,reuters.com,7/20/2020,Baghdad College of Economic Sciences University
200215,a8.net,11/25/2020,Florida Institute of Technology
200216,webs.com,10/25/2020,Amirkabir College of Managmant & Technology
200217,cdc.gov,8/15/2020,University of Limpopo
200218,uiuc.edu,8/1/2020,Molde University College
200219,imgur.com,2/27/2021,Nishinippon Institute of Technology
200220,list-manage.com,4/2/2021,"Islamic Azad University, Shahr-e-rey Branch"
200221,japanpost.jp,3/28/2021,University of Rajshahi
200222,tinypic.com,6/21/2020,Universidade da Beira Interior
200223,a8.net,5/25/2020,Indira Gandhi Institute of Development and Research
200224,who.int,11/5/2020,Hehai University
200225,hugedomains.com,4/23/2021,Dhirubhai Ambani Institute of Information and Communication Technology
200226,wikispaces.com,9/5/2020,University College of Skövde
200227,who.int,2/17/2021,Dallas Christian College
200228,amazon.co.jp,8/16/2020,Université du Québec à Montréal
200229,sciencedaily.com,2/13/2021,Universidad Pontificia Bolivariana
200230,abc.net.au,12/21/2020,Appalachian Bible College
200231,twitpic.com,1/28/2021,Hogere Zeevaartschool - Maritime Academy
200232,freewebs.com,2/20/2021,Ukrainian Medical Stomatological Academy
200233,mayoclinic.com,2/22/2021,Christian Theological Academy in Warszaw
200234,amazon.co.jp,4/11/2021,Takarazuka University of Art and Design
200235,over-blog.com,3/18/2021,Universidad Nacional de San Antonio Abad
200236,foxnews.com,1/2/2021,Université de Thiès
200237,hugedomains.com,2/18/2021,Brickfields Asia College
200238,baidu.com,5/6/2020,Christchurch Polytechnic Institute of Technology
200239,dagondesign.com,5/12/2020,Universitas Nasional Jakarta
200240,ibm.com,2/19/2021,Cumberland University
200241,zdnet.com,12/6/2020,Moscow State University of Culture
200242,cnn.com,2/8/2021,"Islamic Azad University, North Tehran"
200243,soup.io,8/18/2020,Istanbul Arel University
200244,hubpages.com,3/23/2021,University of Science and Technology Sana'a
200245,bbb.org,8/2/2020,Bergische Universität Gesamthochschule Wuppertal
200246,google.com.au,4/10/2021,Moldova Technical University
200247,joomla.org,4/1/2021,Caldwell College
200248,sitemeter.com,12/25/2020,Azzahra University
200249,cbc.ca,10/15/2020,University of Limerick
200250,cmu.edu,1/23/2021,Universidad de Especialidades del Espíritu Santo
200251,squidoo.com,3/19/2021,Sumgait State University
200252,sitemeter.com,10/17/2020,Methodist College
200253,indiatimes.com,12/21/2020,Universitas Proklamasi 45
200254,theatlantic.com,3/25/2021,St. Mary's University
200255,trellian.com,2/9/2021,William and Catherine Booth College
200256,bandcamp.com,12/24/2020,Notre Dame University
200257,uol.com.br,9/12/2020,Iran University of Medical Sciences
200258,mlb.com,7/8/2020,"University of Wales Institute, Cardiff"
200259,imdb.com,10/16/2020,Bangalore University
200260,dedecms.com,10/16/2020,Carlow College
200261,army.mil,3/17/2021,Fachhochschule Hof
200262,indiegogo.com,8/3/2020,Ecole Nationale Vétérinaire d'Alfort
200263,zdnet.com,4/7/2021,Wuxi University of Light Industry
200264,nationalgeographic.com,1/8/2021,Minhaj University Lahore
200265,nature.com,8/1/2020,Universitas Muhammadiyah Sumatra Utara
200266,zimbio.com,6/15/2020,Miyazaki Medical College
200267,epa.gov,6/23/2020,Technological University (Kalay)
200268,sina.com.cn,2/7/2021,United States International University
200269,webeden.co.uk,8/21/2020,Kashan University
200270,paypal.com,10/31/2020,University Of Hawaii - System
200271,alexa.com,6/25/2020,Shaanxi Normal University
200272,statcounter.com,3/17/2021,"University of Shkodra ""Luigj Gurakuqi"""
200273,alibaba.com,3/15/2021,Wofford College
200274,yolasite.com,5/29/2020,Niigata University of International and Information Studies
200275,mac.com,7/12/2020,Pennsylvania State University at Harrisburg - The Capital College
200276,google.pl,5/20/2020,Catawba College
200277,hatena.ne.jp,4/9/2021,Institute of Social Studies
200278,cisco.com,12/15/2020,Mount Vernon College
200279,blinklist.com,12/20/2020,Universidad del Tolima
200280,miibeian.gov.cn,5/25/2020,Catholic University in Zimbabwe
200281,symantec.com,8/12/2020,Southeast Missouri State University
200282,google.co.uk,9/23/2020,Komsomolsk-on-Amur State Technical University
200283,flavors.me,12/26/2020,Guru Gobind Singh Indraprastha University
200284,goo.gl,3/17/2021,"Indian Institute of Technology, Kharagpur"
200285,wiley.com,1/28/2021,Universidad Intercontinental
200286,shutterfly.com,4/8/2021,"St. Petersburg State University of Information Technologies, Mechanics and Optics"
200287,nifty.com,6/19/2020,Arab Open University
200288,redcross.org,6/10/2020,Columbia College South Carolina
200289,narod.ru,10/5/2020,"Rajasthan Agricultural University, Bikaner"
200290,google.com.au,2/23/2021,Lutheran School Of Theology In Aarhus
200291,ucsd.edu,5/15/2020,Novosibirsk State Agricultural University
200292,google.com.au,5/19/2020,Universitas Bhayangkara Surabaya
200293,cpanel.net,7/22/2020,University of Victoria
200294,blogger.com,2/20/2021,Finlandia University
200295,illinois.edu,7/14/2020,Kwara State Polytecnic
200296,joomla.org,2/8/2021,Universidad de Antioquía
200297,bandcamp.com,12/17/2020,Sapporo University
200298,cbslocal.com,6/11/2020,Kitakyushu University
200299,gravatar.com,11/28/2020,Pädagogische Hochschule Zürich (Zurich School of Education)
200300,mayoclinic.com,8/1/2020,British Malaysian Institute
200301,nih.gov,9/10/2020,Centro Universitário Plinio Leite
200302,gizmodo.com,5/4/2020,Hariri Canadian University
200303,who.int,6/20/2020,Vlerick Leuven Gent Management School
200304,digg.com,10/22/2020,Wuhan Technical University of Surveying and Mapping
200305,berkeley.edu,7/23/2020,Caritas University
200306,ihg.com,10/23/2020,University of the Gambia
200307,godaddy.com,11/22/2020,Boise State University
200308,netscape.com,6/1/2020,Universidad Nacional Daniel Alcides Carrion
200309,amazon.com,12/14/2020,Memorial University of Newfoundland
200310,virginia.edu,7/15/2020,Jamia Hamdard University
200311,wikipedia.org,2/21/2021,Delft University of Technology
200312,posterous.com,2/4/2021,National Institute of Industrial Engineering
200313,marriott.com,6/15/2020,Aarhus School of Business
200314,elegantthemes.com,7/8/2020,SASTRA Deemed University
200315,w3.org,12/18/2020,Latvian Academy of Sports Education
200316,flavors.me,3/14/2021,State University of New York College of Environmental Science and Forestry
200317,nationalgeographic.com,1/24/2021,Chubu University
200318,com.com,8/14/2020,Chaopraya University 
200319,posterous.com,12/15/2020,Technical University of Wroclaw
200320,nyu.edu,7/5/2020,Louisiana State University and Agricultural and Mechanical College
200321,sphinn.com,5/12/2020,Campbell University
200322,comcast.net,3/14/2021,Webb Institute
200323,amazon.co.uk,6/15/2020,Universidad Nacional de Tumbes
200324,usa.gov,9/15/2020,Kenya Medical Training College
200325,theguardian.com,9/13/2020,Université Pierre et Marie Curie (Paris VI)
200326,mashable.com,4/7/2021,University of Mobile
200327,cnet.com,4/11/2021,Baker College of Auburn Hills
200328,bloglovin.com,12/2/2020,Southern Illinois University at Edwardsville
200329,forbes.com,12/23/2020,Southeast University
200330,netvibes.com,12/19/2020,North South University
200331,telegraph.co.uk,6/29/2020,Komar University of Science and Technology
200332,shareasale.com,7/16/2020,Kansas Wesleyan University
200333,state.gov,4/21/2021,Universitas Katolik Widya Karya
200334,umn.edu,2/1/2021,Kuwait University
200335,vinaora.com,1/28/2021,Sophia University
200336,jugem.jp,4/17/2021,Mount Vernon Nazarene College
200337,cbc.ca,8/20/2020,Kumasi Polytechnic 
200338,guardian.co.uk,5/29/2020,University of Central Oklahoma
200339,nyu.edu,9/8/2020,Africa University
200340,comsenz.com,6/1/2020,Technological University of Iceland
200341,google.ru,5/25/2020,Tallinn University
200342,seattletimes.com,12/22/2020,State University of New York College at Oneonta
200343,jigsy.com,2/6/2021,Technological Education Institute of Thessaloniki
200344,yale.edu,10/6/2020,Al-Eman University
200345,google.ru,2/14/2021,University of Evansville
200346,gnu.org,5/30/2020,Research College of Nursing - Rockhurst University
200347,phoca.cz,10/22/2020,UCSI University
200348,alexa.com,7/29/2020,Dickinson State University
200349,sakura.ne.jp,12/25/2020,Leyte Normal University
200350,engadget.com,3/9/2021,Nara Sangyo University
200351,1688.com,6/19/2020,Dalian Medical University
200352,4shared.com,3/2/2021,Angelo State University
200353,rediff.com,4/9/2021,Universidad de Ciencias y Artes de Chiapas
200354,soup.io,9/3/2020,Ecole Supérieure de Commerce de Clermont-Ferrand
200355,businessinsider.com,10/26/2020,Bule Hora  University
200356,delicious.com,9/27/2020,University of Rhode Island
200357,google.com.hk,6/24/2020,Instituto Superior Novas Profissões - INP
200358,mapy.cz,9/11/2020,Ahmadu Bello University
200359,miibeian.gov.cn,6/2/2020,Universidad Empresarial Siglio 21
200360,vimeo.com,7/23/2020,Université Dakar Bourguiba
200361,npr.org,5/14/2020,University of Tartu
200362,yelp.com,5/8/2020,Nova Scotia College of Art and Design
200363,163.com,7/21/2020,Toho Gakuen School of Music
200364,altervista.org,3/22/2021,Lindsey Wilson College
200365,pen.io,10/8/2020,Wesley University of Science and Technology
200366,hatena.ne.jp,12/15/2020,Tay Nguyen University
200367,arstechnica.com,8/17/2020,Zayed University
200368,yelp.com,5/21/2020,Escuela Superior de Gestion Comercial y Marketing (ESIC)
200369,cdbaby.com,9/17/2020,St. Petersburg State Pediatric Medical Academy
200370,jimdo.com,4/25/2021,"Irish University Business School, Cebu"
200371,nyu.edu,12/18/2020,McMurry University
200372,tiny.cc,4/23/2021,Daiichi University of Economics
200373,ocn.ne.jp,7/7/2020,St. Mary's University
200374,economist.com,7/6/2020,Ondo State University of Science and Technology
200375,desdev.cn,11/7/2020,Syrian Virtual University
200376,archive.org,5/31/2020,Chongqing University of Technology
200377,nbcnews.com,10/11/2020,Katsina University
200378,slate.com,11/2/2020,Palacky University
200379,wikipedia.org,7/30/2020,Asian Institute of Technology
200380,networkadvertising.org,1/20/2021,Kyungpook National University
200381,craigslist.org,12/3/2020,"Schiller International University, London"
200382,qq.com,10/30/2020,Pratt Institute
200383,salon.com,11/23/2020,Dillard University
200384,theguardian.com,6/30/2020,Lawrence Technological University
200385,arizona.edu,4/21/2021,University of Pardubice
200386,cnn.com,1/12/2021,Zimbabwe Open University
200387,dell.com,6/10/2020,Instituto Universitario de La Paz
200388,amazon.com,1/17/2021,Université de Gabès
200389,linkedin.com,2/13/2021,"Royal Danish Academy of Fine Arts, School of Architecture"
200390,wiley.com,2/28/2021,Triton College
200391,ocn.ne.jp,1/20/2021,Saba University
200392,baidu.com,1/7/2021,Westminster International University in Tashkent
200393,bing.com,7/5/2020,University of Engineering and Technology Lahore
200394,de.vu,2/8/2021,"Universidad Argentina ""John F. Kennedy"""
200395,umn.edu,8/31/2020,Ritsumeikan University
200396,prweb.com,6/28/2020,University of Missouri - Columbia
200397,nytimes.com,12/31/2020,Dutch Delta University
200398,trellian.com,11/12/2020,Centenary College of Louisiana
200399,hatena.ne.jp,7/2/2020,Godfrey Okoye University 
200400,dailymail.co.uk,12/29/2020,Ukrainian Medical Stomatological Academy
200401,army.mil,12/14/2020,British College of Osteopathic Medicine
200402,blinklist.com,2/17/2021,Taizhou College
200403,amazon.de,4/22/2021,Salem Teikyo University
200404,wufoo.com,2/24/2021,Ecole Nationale Supérieure Agronomique de Toulouse
200405,marriott.com,9/23/2020,University of Colorado Health Sciences Center
200406,wordpress.com,9/26/2020,Baki Business University
200407,mayoclinic.com,12/22/2020,Kent State University - Ashtabula
200408,nature.com,11/29/2020,Chatham College
200409,unc.edu,1/7/2021,University of Padua
200410,clickbank.net,9/19/2020,Nara Women's University
200411,github.com,11/15/2020,Janos Selye University
200412,plala.or.jp,3/16/2021,University of Performing Arts in Bratislava
200413,usda.gov,1/13/2021,Agnes Scott College
200414,weather.com,8/5/2020,Université de Haute-Alsace
200415,chron.com,4/1/2021,Warner Southern College
200416,devhub.com,9/2/2020,"California State University, Bakersfield"
200417,redcross.org,4/7/2021,Universidad Autonoma del Sur
200418,alibaba.com,5/22/2020,Adam Mickiewicz University of Poznan
200419,gizmodo.com,1/5/2021,Universidad Antonio de Nebrija
200420,miibeian.gov.cn,6/20/2020,Florida University of Medicine
200421,unc.edu,12/31/2020,"Rutgers, The State University of New Jersey"
200422,studiopress.com,12/3/2020,Central Academy of  Fine Art
200423,deliciousdays.com,2/12/2021,School of Business and Finance
200424,cornell.edu,1/9/2021,Oriental University
200425,europa.eu,6/13/2020,Universidad Nacional del Centro del Perú
200426,arstechnica.com,2/1/2021,"City University of New York, New York City Technical College"
200427,state.tx.us,7/23/2020,American University
200428,geocities.com,5/29/2020,Azerbaijan Diplomatic Academy
200429,hubpages.com,11/23/2020,Universidad Central
200430,1und1.de,8/31/2020,Istanbul Arel University
200431,wsj.com,1/27/2021,Tianjin University of Finance & Economics
200432,buzzfeed.com,10/6/2020,ECAM - Institut Supérieur Industriel
200433,e-recht24.de,2/26/2021,Misan University
200434,angelfire.com,6/21/2020,Bowdoin College
200435,wikipedia.org,9/1/2020,National Mining University
200436,bravesites.com,1/28/2021,Vologda State Pedagogical University
200437,bizjournals.com,4/10/2021,Brooklyn Law School
200438,sciencedirect.com,1/11/2021,Universidade Internacional Lisboa
200439,princeton.edu,6/8/2020,Catholic University of Malawi
200440,sciencedirect.com,12/21/2020,Universidad de Manizales
200441,example.com,5/1/2020,Birjand University
200442,instagram.com,12/4/2020,Palmer College of Chiropractic West
200443,cnn.com,8/12/2020,Dr. Bhim Rao Abdekar University
200444,nhs.uk,2/15/2021,Corporación Universitaria de Santander (UDES)
200445,jiathis.com,5/23/2020,Fine Arts Academy in Wroclaw
200446,illinois.edu,10/14/2020,Idaho State University
200447,yelp.com,1/12/2021,Ecole Normale Supérieure de Paris
200448,gnu.org,7/17/2020,University of Juba
200449,blogtalkradio.com,5/24/2020,Tokyo International University
200450,samsung.com,1/6/2021,Standford Online University
200451,list-manage.com,6/4/2020,Karnataka State Open University
200452,apple.com,4/5/2021,Art Center College of Design
200453,ameblo.jp,1/10/2021,Gift University
200454,xing.com,4/15/2021,Walailak University
200455,epa.gov,7/7/2020,Maakhir University
200456,tinyurl.com,10/26/2020,Seowon University
200457,ox.ac.uk,5/28/2020,Universidad Nacional de Educación Enrique Guzmán y Valle
200458,globo.com,11/12/2020,Fachhochschule Köln
200459,google.ru,12/18/2020,University of South Carolina - Lancaster
200460,jimdo.com,8/18/2020,Enugu State University of Science and Technology
200461,blogs.com,8/27/2020,Tibet Agricultural and Animal Husbandry College
200462,psu.edu,7/16/2020,Stenden University
200463,latimes.com,7/31/2020,Shih Chien University
200464,xinhuanet.com,11/3/2020,North-West State Technical University
200465,umich.edu,6/5/2020,Lupane State University
200466,bandcamp.com,11/13/2020,"University of St. Thomas, St. Paul"
200467,linkedin.com,5/11/2020,Qauid-e-Awam University of Engineering Sciences & Technology
200468,intel.com,2/12/2021,Université Mohammed V - Agdal
200469,list-manage.com,11/2/2020,Zagazig University
200470,about.com,11/19/2020,Ecole Supérieure de Commerce de Brest
200471,xrea.com,5/13/2020,"Islamic Azad University, Roodehen"
200472,boston.com,2/12/2021,East Texas Baptist University
200473,is.gd,6/16/2020,Institut National des Sciences Appliquées de Rouen
200474,cnbc.com,4/17/2021,Université des Sciences Sociales (Toulouse I)
200475,wikimedia.org,2/13/2021,Chongqing University of Science and Technology 
200476,list-manage.com,10/16/2020,Mejiro University
200477,toplist.cz,2/1/2021,"Universidad ""Adolfo Ibañez"""
200478,desdev.cn,11/12/2020,Oregon College of Arts and Crafts
200479,google.com.br,11/13/2020,The Corcoran College of Art
200480,gravatar.com,2/25/2021,Université Shalom de Bunia
200481,washington.edu,7/21/2020,Royal Melbourne Institute of Technology
200482,prlog.org,3/4/2021,Guangdong University of Foreign Studies
200483,pen.io,3/26/2021,School of Planning and Architecture
200484,bizjournals.com,4/4/2021,Richmond University - The American International University in London
200485,indiatimes.com,3/25/2021,Tokyo University of Agriculture
200486,narod.ru,6/18/2020,University of Virginia
200487,ftc.gov,12/29/2020,Adygeja State University
200488,phoca.cz,1/17/2021,Nagaland University
200489,simplemachines.org,3/17/2021,Institut Teknologi Telkom
200490,quantcast.com,3/21/2021,New Jersey City University
200491,paginegialle.it,10/22/2020,East Somalia University
200492,bandcamp.com,10/18/2020,Wake Forest University
200493,cbc.ca,7/21/2020,Academy of the Ministry of Internal Affairs of the Republic of Belarus
200494,github.com,7/29/2020,University of New Mexico
200495,networksolutions.com,10/18/2020,St. Joseph College of Nursing
200496,washingtonpost.com,3/17/2021,University of Kuopio
200497,wordpress.org,11/29/2020,University of Resita
200498,vkontakte.ru,3/12/2021,Uttarakhand Open University 
200499,cisco.com,3/24/2021,Royal Roads University
200500,wix.com,7/28/2020,Universidad de Matanzas Camilo Cienfuegos
200501,networksolutions.com,5/12/2020,Spring Arbor College
200502,google.ru,11/4/2020,Institute of Public Administration
200503,oakley.com,5/6/2020,"Russian Customs Academy, Vladivostok Branch"
200504,skyrock.com,9/4/2020,University of Hawaii - Hilo
200505,netlog.com,8/10/2020,Reykjavík University
200506,amazon.com,8/30/2020,Illinois College
200507,reuters.com,4/12/2021,McPherson College
200508,unicef.org,11/24/2020,Hamamatsu University School of Medicine
200509,reference.com,8/24/2020,Vinnica National Technical University
200510,bbb.org,10/27/2020,"Concordia College, Moorhead"
200511,ebay.co.uk,8/13/2020,"University of Toronto, Mississauga"
200512,tinyurl.com,12/3/2020,University of the Air
200513,xrea.com,3/12/2021,Jahangirnagar University
200514,ox.ac.uk,6/20/2020,Gulf Medical University
200515,artisteer.com,10/31/2020,Qom University of Technology
200516,quantcast.com,10/22/2020,Klaipeda University
200517,behance.net,2/27/2021,British Columbia Institute of Technology
200518,uol.com.br,12/19/2020,Nairobi Technical Training Institute 
200519,mapquest.com,11/14/2020,"National Academy for Theatre and Film Arts ""Krustju Sarafov"""
200520,photobucket.com,8/13/2020,University of Northern Colorado
200521,google.fr,3/19/2021,Avila College
200522,telegraph.co.uk,5/21/2020,University of Chieti
200523,bigcartel.com,12/28/2020,Universitas Wijaya Kusuma Purwokerto
200524,engadget.com,5/23/2020,Henderson State Univerisity
200525,51.la,11/1/2020,University of Massachusetts at Lowell
200526,simplemachines.org,7/26/2020,École Nationale Supérieure d'Ingénieurs de Constructions Aéronautiques
200527,tripod.com,9/1/2020,East Delta University
200528,boston.com,2/24/2021,Palm Beach Atlantic University
200529,ted.com,7/16/2020,International University Institute of Luxembourg
200530,booking.com,7/18/2020,Deutsche Sporthochschule Köln
200531,bloglines.com,11/28/2020,Victoria University of Wellington
200532,ebay.co.uk,6/25/2020,Moscow State Institute of Steel and Alloys
200533,zimbio.com,3/19/2021,Blue Mountain College
200534,ezinearticles.com,8/2/2020,Thamar University
200535,ycombinator.com,9/30/2020,Ecole Nationale Supérieure d'Hydraulique et de Mécanique de Grenoble
200536,army.mil,8/13/2020,Agricultural University of Plovdiv
200537,cargocollective.com,7/15/2020,University of St. Michael's College
200538,bbb.org,2/1/2021,Kongju National University
200539,bloglines.com,10/27/2020,Lake Forest College
200540,qq.com,2/3/2021,Fachhochschule Schmalkalden
200541,ihg.com,7/3/2020,Universität der Bundeswehr München
200542,ameblo.jp,3/12/2021,Mongolian State University of Agriculture
200543,senate.gov,6/28/2020,Université de Lomé
200544,blog.com,9/22/2020,University of Goroka
200545,zdnet.com,1/6/2021,Ecole pour les Etudes et la Recherche en Informatique et Electronique
200546,issuu.com,4/6/2021,Bangalore University
200547,infoseek.co.jp,4/15/2021,Arlington Baptist College
200548,hhs.gov,4/3/2021,St. Anthony College of Nursing
200549,squidoo.com,5/13/2020,Tianjin Open University
200550,senate.gov,10/17/2020,Université de Toamasina
200551,paginegialle.it,10/8/2020,Ursuline College
200552,ycombinator.com,7/5/2020,Universidad Tecnológica Metropolitana
200553,oakley.com,11/2/2020,European Regional Educational Academy of Armenia
200554,cam.ac.uk,4/7/2021,Nagoya University of Commerce and Business Administration
200555,goodreads.com,12/28/2020,Universidad Nacional del Altiplano
200556,japanpost.jp,9/4/2020,Universidad Pontificia de Salamanca
200557,guardian.co.uk,7/17/2020,St. John's College New Mexico
200558,japanpost.jp,10/14/2020,Bangladesh University of Engineering and Technology
200559,skyrock.com,3/16/2021,National Pingtung University of Science and Technology
200560,webnode.com,9/14/2020,Saga University
200561,businessinsider.com,12/13/2020,Benguet State University
200562,behance.net,3/8/2021,East China Jiao Tong University
200563,earthlink.net,3/21/2021,Taizhou College
200564,reuters.com,1/12/2021,Instituto Politécnico de Setúbal
200565,cafepress.com,8/13/2020,East China Jiao Tong University
200566,reference.com,12/30/2020,University College of Cape Breton
200567,dion.ne.jp,6/18/2020,University of North Alabama
200568,cbc.ca,10/17/2020,Ho Chi Minh City University of Pedagogics
200569,wiley.com,12/27/2020,State Pedagogical University in Kryvyi Rih
200570,foxnews.com,9/22/2020,Istanbul University
200571,jalbum.net,1/27/2021,Evangelische Fachhochschule Darmstadt
200572,adobe.com,3/8/2021,University of West Hungary
200573,weebly.com,8/10/2020,Shri Mata Vaishno Devi University
200574,slideshare.net,9/25/2020,"Sharif University of Technology, Kish Campus"
200575,hatena.ne.jp,9/22/2020,University of Rochester
200576,lycos.com,2/5/2021,Institut Teknologi Adhi Tama Surabaya
200577,nifty.com,4/4/2021,Universidad Santa Maria Caracas
200578,irs.gov,6/19/2020,Universidad de Hermosillo
200579,w3.org,9/21/2020,Ohio State University - Marion
200580,joomla.org,8/2/2020,Université de Liège
200581,nymag.com,6/4/2020,"Preston University, Pakistan Campus"
200582,noaa.gov,9/3/2020,Music Academy in Cracow
200583,google.com,10/6/2020,University of Maryland University College
200584,moonfruit.com,1/7/2021,Universidad Academia de Humanismo Cristiano
200585,ovh.net,9/16/2020,Great Lakes University of Kisumu
200586,newsvine.com,9/22/2020,Universitas Widya Gama Malang
200587,phpbb.com,4/14/2021,Girne American University
200588,intel.com,5/21/2020,State University of New York College of Optometry
200589,fotki.com,8/13/2020,National University of Samoa
200590,topsy.com,12/3/2020,Universidade Federal Rural do Semi-Árido
200591,yelp.com,11/22/2020,North China Electric Power University
200592,un.org,9/2/2020,Arcadia University
200593,theguardian.com,5/30/2020,Arba Minch University
200594,phpbb.com,6/25/2020,Osaka Institute of Technology
200595,hud.gov,6/10/2020,National Institute of the Arts
200596,ucla.edu,4/24/2021,Chongju University
200597,bluehost.com,11/27/2020,Mankato State University
200598,google.com.hk,10/25/2020,Universitas Negeri Yogyakarta
200599,usatoday.com,3/12/2021,Massachusetts College of Pharmacy and Allied Health Sciences
200600,dagondesign.com,12/13/2020,Warren Wilson College
200601,networksolutions.com,1/27/2021,Ripon College
200602,springer.com,11/29/2020,Universitas Putera Batam
200603,alexa.com,8/18/2020,Université d'Alger
200604,google.pl,9/10/2020,Syrian Virtual University
200605,livejournal.com,1/29/2021,Ibaraki Christian College
200606,yellowbook.com,12/21/2020,United States International University
200607,about.me,5/14/2020,Castleton State College
200608,twitpic.com,10/6/2020,Irkutsk State Technical University
200609,vimeo.com,6/18/2020,Higher School of Economics
200610,state.gov,11/21/2020,Universidad Politécnica de Cartagena
200611,ebay.com,8/2/2020,Universidade de Guarulhos
200612,google.de,2/16/2021,National Cheng Kung University
200613,taobao.com,2/11/2021,University of Baguio
200614,java.com,11/26/2020,Hochschule für Technik und Wirtschaft Dresden (FH)
200615,deliciousdays.com,12/14/2020,Modern Institute of Managament
200616,cnbc.com,10/6/2020,The Queen's University Belfast
200617,ft.com,12/12/2020,University of New Mexico
200618,g.co,12/12/2020,Universidade Gama Filho
200619,example.com,3/25/2021,College of the Atlantic
200620,mtv.com,12/3/2020,Universidad San Martin de Porres
200621,spiegel.de,11/11/2020,Nagaland University
200622,bloglines.com,10/20/2020,"Veliko Turnovo University ""Cyril and Methodius"""
200623,va.gov,5/11/2020,KDU College Sdn Bhd
200624,wordpress.org,12/21/2020,Firat (Euphrates) University
200625,berkeley.edu,6/23/2020,South Gujarat University
200626,kickstarter.com,7/24/2020,Universidade Federal de Viçosa
200627,nih.gov,3/4/2021,Saudi Electronic University
200628,1und1.de,5/26/2020,Technological University (Hinthada)
200629,sogou.com,11/17/2020,Bridgewater College
200630,nymag.com,11/9/2020,Teikyo University of Science and Technology
200631,seesaa.net,1/9/2021,Université Montesquieu (Bordeaux IV)
200632,howstuffworks.com,10/19/2020,Hokkaigakuen University
200633,moonfruit.com,9/21/2020,Universidad Católica de Córdoba
200634,nba.com,12/12/2020,"Schiller International University, Paris"
200635,bandcamp.com,3/7/2021,Zhejiang University
200636,ebay.com,9/20/2020,Hemwati Nandan Bahuguna Garhwal University
200637,indiatimes.com,8/2/2020,Southern Polytechnic State Univerisity
200638,prlog.org,3/26/2021,Purdue University
200639,google.com,9/2/2020,Universiti Malaysia Terengganu
200640,ovh.net,12/27/2020,King Fahd Security College
200641,a8.net,7/29/2020,Universidad Xicotepetl
200642,uol.com.br,3/28/2021,University of Iasi
200643,nhs.uk,11/11/2020,Estonian University of Life Sciences
200644,canalblog.com,10/8/2020,Yaroslavl State University
200645,phpbb.com,9/18/2020,King Khaled University
200646,furl.net,7/4/2020,Bodo Regional University
200647,goo.ne.jp,2/22/2021,Ahlulbait International University
200648,loc.gov,3/13/2021,University of Jordan
200649,usatoday.com,10/8/2020,Nanjing Institute of Meteorology
200650,abc.net.au,7/1/2020,Kogi State University
200651,amazon.co.uk,2/5/2021,Grodno State University Yanka Kupaly
200652,imageshack.us,11/14/2020,Institute of Information Technology
200653,toplist.cz,6/25/2020,University of Genoa
200654,usda.gov,3/3/2021,University of Massachusetts at Dartmouth
200655,washingtonpost.com,6/5/2020,University of Cebu
200656,t.co,8/9/2020,Université de Toulouse-le-Mirail (Toulouse II)
200657,weibo.com,4/20/2021,Istanbul University
200658,yahoo.co.jp,8/22/2020,Sugino Women's College
200659,dot.gov,9/15/2020,Wonkwang University
200660,t-online.de,2/20/2021,Dnepropetrovsk National University
200661,discovery.com,6/30/2020,Ghulam Ishaq Khan Institute of Science & Technology
200662,youtu.be,10/2/2020,Université Mohammed Ier
200663,indiatimes.com,8/8/2020,Tashkent Institute of Irrigation and Melioration
200664,odnoklassniki.ru,5/8/2020,"DeVry Institute of Technology, Irving"
200665,1und1.de,6/12/2020,Nisho Gakusha University
200666,psu.edu,1/4/2021,"COMSATS Institute of Information Technology, Lahore"
200667,craigslist.org,2/15/2021,Ludong University
200668,businessweek.com,10/14/2020,University of SV Cyril and Methodius in Trnava
200669,cbsnews.com,12/23/2020,"Ross University, School of Medicine"
200670,nytimes.com,7/21/2020,Shenzhen University
200671,fema.gov,11/29/2020,Atlanta College of Art
200672,cam.ac.uk,5/31/2020,Ohio Wesleyan University
200673,go.com,10/30/2020,"Fachhochschule Ludwigshafen, Hochschule für Wirtschaft"
200674,163.com,8/23/2020,Gwangju Catholic College
200675,usatoday.com,3/2/2021,International Culinary Institute (ICI)
200676,youtu.be,11/22/2020,Manhattan Christian College
200677,google.ru,2/11/2021,NAES College
200678,xing.com,11/15/2020,Illinois Wesleyan University
200679,google.com,7/21/2020,University of Texas Southwestern Medical Center at Dallas
200680,issuu.com,12/10/2020,IDRAC (Institut de recherche en action commerciale)
200681,trellian.com,2/9/2021,Guangxi University for Nationalities
200682,wunderground.com,2/20/2021,"Florida Metropolitan University, Tampa College"
200683,exblog.jp,2/22/2021,Al Azhar University
200684,netvibes.com,3/31/2021,Western Carolina University
200685,home.pl,8/23/2020,Covenant University
200686,weibo.com,8/11/2020,Chaudhary Charan Singh University
200687,uol.com.br,2/27/2021,Montreat College
200688,omniture.com,9/13/2020,Baika Women's College
200689,cnet.com,1/8/2021,Appalachian Bible College
200690,cmu.edu,4/6/2021,Stockholm University
200691,zimbio.com,8/15/2020,Université de Poitiers
200692,washington.edu,4/2/2021,University of Westminster
200693,amazonaws.com,9/2/2020,Brigham Young University Hawaii
200694,discuz.net,10/27/2020,"Concordia University, River Forest"
200695,cdc.gov,9/3/2020,Champlain College
200696,xing.com,7/15/2020,"Dai Ichi University, College of Technology"
200697,eepurl.com,11/3/2020,Lawrence Technological University
200698,intel.com,6/12/2020,Institute of Business & Technology
200699,time.com,7/19/2020,Ecole Nationale Supérieure des Mines de Nancy
200700,artisteer.com,8/1/2020,Jami Institute of Technology
200701,eventbrite.com,12/3/2020,Georgia School of Professional Psychology
200702,google.com,4/8/2021,Khulna University
200703,quantcast.com,11/1/2020,University of Lincoln
200704,foxnews.com,10/29/2020,Universidad Nacional de la Amazonía Peruana
200705,fc2.com,12/5/2020,National University of Food Technologies
200706,princeton.edu,3/6/2021,Fujita Health University
200707,vk.com,7/3/2020,Wichita State University
200708,eepurl.com,4/27/2020,Yokohama City University
200709,tmall.com,8/11/2020,Universität Kassel
200710,mashable.com,2/5/2021,Université de Bretagne Sud
200711,sun.com,5/20/2020,Southern Illinois University at Carbondale
200712,upenn.edu,2/3/2021,Baylor College of Dentistry
200713,w3.org,2/8/2021,"Music Academy ""Fryderyk Chopin"" in Warszaw"
200714,umich.edu,11/15/2020,"Universidad de Guanajuato, Campus León"
200715,whitehouse.gov,6/5/2020,University of Cyprus
200716,google.es,4/9/2021,Hadhramout University of Science and Technology 
200717,facebook.com,3/4/2021,University of Alaska - Anchorage
200718,bigcartel.com,4/1/2021,IMPAC University
200719,wisc.edu,3/20/2021,Asian Management Institute
200720,bloglovin.com,12/14/2020,Eastern Kentucky University
200721,theguardian.com,6/23/2020,Universidade Santa Cecília dos Bandeirantes
200722,ycombinator.com,10/7/2020,Osaka University of Education
200723,who.int,11/20/2020,Universitas Negeri Yogyakarta
200724,howstuffworks.com,2/18/2021,University of Mississippi Medical Center
200725,nature.com,2/9/2021,Uinversity of Babylon
200726,google.pl,12/11/2020,Seton Hall University
200727,dailymail.co.uk,10/26/2020,Clarke College
200728,harvard.edu,6/9/2020,Kuban State University
200729,cam.ac.uk,5/1/2020,Birzeit University
200730,multiply.com,8/18/2020,Ecole Nationale Supérieure des Industries Textiles de Mulhouse
200731,vk.com,8/19/2020,Wayne State University
200732,google.cn,3/26/2021,Université Libre de Bruxelles
200733,cpanel.net,11/2/2020,Lawrence Technological University
200734,woothemes.com,10/7/2020,Université de Poitiers
200735,hud.gov,1/17/2021,Universidad Alfonso X El Sabio
200736,netvibes.com,4/30/2020,Universidad de Cienfuegos
200737,washington.edu,10/18/2020,K.N.Toosi University of Technology
200738,tmall.com,7/28/2020,Moi University
200739,thetimes.co.uk,6/28/2020,West Texas A&M University
200740,yale.edu,1/22/2021,"Moscow State Institute of Radiotechnics, Electronics and Automation (Technical University)"
200741,google.nl,11/19/2020,Université de Poitiers
200742,xing.com,8/27/2020,Belarussian State Pedagogical University M. Tanka
200743,cargocollective.com,5/21/2020,Kalinga University
200744,wufoo.com,8/5/2020,Angeles University
200745,jalbum.net,2/13/2021,Acharya Ranga Agricultural University
200746,cargocollective.com,4/2/2021,Vassar College
200747,fotki.com,10/26/2020,Northeast Agricultural University
200748,ucoz.com,11/2/2020,"Rasmussen College, Wisconsin Campuses"
200749,lulu.com,3/8/2021,Czech Technical University of Prague
200750,mail.ru,4/4/2021,Southern Taiwan University of Technology
200751,phoca.cz,3/19/2021,National Research University of Electronic Technology
200752,i2i.jp,2/3/2021,Nara Women's University
200753,about.me,3/5/2021,Crawford University 
200754,yolasite.com,9/20/2020,Ecole Supérieure de Commerce de Dijon
200755,blogger.com,10/23/2020,University of Sarajevo
200756,skyrock.com,9/25/2020,Gdynia Maritime Academy
200757,ftc.gov,3/9/2021,Universidad Bolivariana
200758,paypal.com,7/12/2020,Zaporizhzhe National University
200759,phpbb.com,9/9/2020,Kharkiv National University
200760,youku.com,9/5/2020,Wichita State University
200761,sakura.ne.jp,2/6/2021,University of Performing Arts in Bratislava
200762,bbc.co.uk,6/21/2020,Jain Vishva Bharati Institute
200763,blinklist.com,1/14/2021,Universitas Sanata Dharma
200764,samsung.com,12/20/2020,Hormozgan University of Medical Sciences
200765,bloglovin.com,4/28/2020,Chukyo Women's University
200766,constantcontact.com,5/30/2020,Benguet State University
200767,state.tx.us,12/22/2020,Adams State College
200768,cafepress.com,10/22/2020,Universidad Nacional Experimental de la Fuerza Armada
200769,wsj.com,4/21/2021,Kigali Institute of Education
200770,columbia.edu,10/28/2020,Universidade Autónoma de Lisboa Luís de Camoes
200771,comsenz.com,4/12/2021,Universidad Bellas Artes
200772,vinaora.com,8/15/2020,University of Dongola
200773,oracle.com,8/23/2020,Buddhist Acamedy of China
200774,51.la,4/13/2021,Nizhny Novgorod State University
200775,bbc.co.uk,4/17/2021,"City University of New York, Queens College"
200776,github.io,8/1/2020,Neelain University
200777,whitehouse.gov,12/14/2020,Karnataka State Open University
200778,statcounter.com,3/1/2021,Bard Graduate Center for Studies in the Decorative Arts
200779,ihg.com,6/17/2020,Ecole pour les Etudes et la Recherche en Informatique et Electronique
200780,virginia.edu,8/15/2020,Universidad Nacional del Sur
200781,fastcompany.com,3/14/2021,Sardar Vallabhai Patel University of Agriculture Amd Technology
200782,examiner.com,6/8/2020,Universidad Dominicana O&M
200783,amazon.co.uk,11/8/2020,Moscow Technical University of Informatics and Communication
200784,uiuc.edu,12/21/2020,Maine College of Art
200785,discuz.net,11/19/2020,University of Kirkuk
200786,admin.ch,6/13/2020,Musashi Institute of Technology
200787,blog.com,2/17/2021,Seoul National University
200788,cornell.edu,2/13/2021,Insituto Universitario - Centro Latinoamericano de Economia Humana - IU Claeh
200789,g.co,8/13/2020,Columbia College
200790,topsy.com,9/13/2020,Europa Fachhochschule Fresenius
200791,scribd.com,8/21/2020,Murmansk State Technical University
200792,plala.or.jp,10/8/2020,Universität Innsbruck
200793,fema.gov,9/14/2020,Cankaya University
200794,nps.gov,5/25/2020,Sree Rama Krishna Degree College
200795,blogtalkradio.com,4/30/2020,"University of the West Indies, Mona"
200796,cmu.edu,12/15/2020,Technische Universität Wien
200797,bloglines.com,3/5/2021,"University of the East, Ramon Magsaysay Memorial Medical Center"
200798,jugem.jp,12/1/2020,Skrjabin Moscow State Academy of Veterinary Medicine and Biotechnology
200799,csmonitor.com,10/25/2020,Touro College
200800,liveinternet.ru,5/1/2020,Université Alioune Diop de Bambey
200801,usnews.com,10/3/2020,Theologische Fakultät Trier
200802,cdc.gov,9/14/2020,"Schiller International University, Madrid"
200803,exblog.jp,6/7/2020,Sakarya University
200804,utexas.edu,5/20/2020,Boricua College
200805,wp.com,9/26/2020,"Swiss Federal Institute of Technology, Zurich"
200806,noaa.gov,5/1/2020,Engineering Colleges in Tamil Nadu
200807,miibeian.gov.cn,9/11/2020,University of Nottingham
200808,alibaba.com,11/26/2020,Panteios University of Economics and Political Sciences Athens
200809,japanpost.jp,10/16/2020,"Curtin University of Technology, Sarawak Campus"
200810,godaddy.com,8/1/2020,Scandinavian Art and Business Institute
200811,guardian.co.uk,10/4/2020,College of Computer Science in Lodz
200812,netlog.com,6/13/2020,Emanuel University
200813,soundcloud.com,12/16/2020,Ohtani Women's University
200814,disqus.com,3/7/2021,Sahmyook University
200815,dyndns.org,6/27/2020,University of Oradea
200816,yahoo.co.jp,11/22/2020,University of Da Lat
200817,cbsnews.com,7/17/2020,Mississippi College
200818,dell.com,12/2/2020,Ternopil State Ivan Pul'uj Technical University
200819,si.edu,1/14/2021,American University of Kuwait 
200820,indiatimes.com,1/28/2021,University of the Philippines Diliman
200821,msn.com,10/20/2020,Universiti Malaya
200822,taobao.com,5/24/2020,Kumoh National University of Technology
200823,360.cn,7/31/2020,University of Novi Sad
200824,stumbleupon.com,12/4/2020,Pomor State University
200825,comsenz.com,1/1/2021,State University of New York Maritime College
200826,about.me,10/9/2020,Instituto Politécnico Nacional
200827,163.com,1/22/2021,Fachhochschule Jena
200828,dailymotion.com,3/6/2021,Sanyo Gakuen University
200829,bloglovin.com,12/12/2020,State University of New York College at Geneseo
200830,cornell.edu,2/23/2021,"Katholieke Universiteit Leuven, Campus Kortrijk"
200831,go.com,3/31/2021,Ecole Nationale Supérieure de Chimie de Clermont-Ferrand
200832,addthis.com,7/7/2020,Goldey-Beacom College
200833,nationalgeographic.com,12/11/2020,Bellevue University
200834,ucoz.com,5/19/2020,Alkharj University
200835,google.com.br,5/6/2020,Universidad Monteávila
200836,bloglovin.com,6/2/2020,University of Colorado Health Sciences Center
200837,fastcompany.com,3/29/2021,Taipei Physical Education College
200838,answers.com,6/7/2020,Lubbock Christian University
200839,nyu.edu,5/21/2020,Mahatma Jyotiba Phule Rohilkhand University Bareilly 
200840,twitter.com,3/1/2021,International University of Kagoshima
200841,miitbeian.gov.cn,7/23/2020,Kakatiya University
200842,google.co.jp,4/21/2021,Mahanakorn University of Technology
200843,china.com.cn,4/14/2021,Petro Mohyla Black Sea State University
200844,cnet.com,12/22/2020,College in Sládkovičovo
200845,upenn.edu,5/5/2020,Emanuel University
200846,delicious.com,4/16/2021,Sarajevo Film Academy
200847,jalbum.net,9/18/2020,University of Texas Southwestern Medical Center at Dallas
200848,over-blog.com,10/15/2020,Emeishan Buddhist College
200849,ustream.tv,5/19/2020,University of Rajshahi
200850,i2i.jp,1/18/2021,Silpakorn University
200851,blinklist.com,6/24/2020,Hesser College
200852,smugmug.com,10/30/2020,Elisabeth University of Music
200853,dion.ne.jp,8/17/2020,Ufa State Petroleum Technological University
200854,baidu.com,11/13/2020,Utah State University
200855,phpbb.com,10/16/2020,Universität Erfurt
200856,ask.com,2/21/2021,National Taiwan Normal University
200857,patch.com,6/8/2020,Poltava University of Consumer Cooperatives in Ukraine
200858,canalblog.com,1/3/2021,Targu-Mures University of Theatre
200859,buzzfeed.com,5/14/2020,Delijan Payame Noor University
200860,china.com.cn,5/29/2020,Université de Metz
200861,netlog.com,5/21/2020,Biola University
200862,washingtonpost.com,5/6/2020,Delft University of Technology
200863,amazon.de,2/5/2021,University of Glasgow
200864,oakley.com,7/13/2020,Universidad Autónoma Latinoamericana
200865,oracle.com,12/19/2020,Ecole Normale Supérieure de Paris
200866,exblog.jp,3/24/2021,Université de Ziguinchor
200867,xing.com,4/20/2021,Kazan State University
200868,house.gov,5/16/2020,Debre Birhan University
200869,techcrunch.com,2/15/2021,Hanoi Open University
200870,imdb.com,8/25/2020,Arthur D. Little Management Education Institute
200871,rambler.ru,6/24/2020,Kyoto Institute of Technology
200872,skyrock.com,6/3/2020,"New York University, Abu Dhabi"
200873,163.com,4/2/2021,"Fachhochschule Kempten, Hochschule für Technik und Wirtschaft"
200874,discovery.com,9/22/2020,Université de Liège
200875,sciencedaily.com,5/21/2020,Universidad Regional del Sureste
200876,army.mil,7/15/2020,Politeknik Negeri Malang
200877,livejournal.com,9/24/2020,College of Dunaujvaros
200878,shop-pro.jp,8/26/2020,Sonoma State University
200879,nature.com,11/5/2020,Vitebsk State Academy of Veterinary Medicine
200880,google.com.au,3/19/2021,Arizona State University
200881,statcounter.com,11/14/2020,Université Julius Nyerere Kankan
200882,blogtalkradio.com,1/8/2021,Felician College
200883,qq.com,3/25/2021,Reykjavík University
200884,spotify.com,8/15/2020,Wilkes University
200885,youtu.be,5/1/2020,Université Mohammed Ier
200886,walmart.com,10/25/2020,Benguet State University
200887,disqus.com,5/9/2020,"Fairleigh Dickinson University, Teaneck-Hackensack Campus"
200888,wordpress.org,4/10/2021,"École nationale d'administration publique, Université du Québec"
200889,sourceforge.net,8/31/2020,Universidade Federal de Santa Catarina
200890,theatlantic.com,1/4/2021,Aegean University
200891,mapy.cz,10/25/2020,Université d'Antsiranana
200892,de.vu,7/29/2020,Fountain University
200893,sciencedaily.com,11/25/2020,Pavol Jozef Safarik University in Kosice
200894,exblog.jp,6/18/2020,Liberty University
200895,is.gd,10/14/2020,Maria Curie-Sklodowska University Lublin
200896,usatoday.com,8/1/2020,All India Institute of Medical Sciences
200897,twitpic.com,6/25/2020,Toyama University
200898,sciencedaily.com,5/7/2020,Samar State University
200899,homestead.com,7/22/2020,Solusi University
200900,comcast.net,8/6/2020,Odessa National Maritime Academy
200901,issuu.com,11/17/2020,Hong Kong Institute of Education
200902,privacy.gov.au,11/14/2020,Sokoto State University 
200903,guardian.co.uk,6/27/2020,Technological University (Pyay)
200904,apple.com,7/20/2020,Chuka University
200905,sina.com.cn,4/18/2021,Jikei University School of Medicine
200906,jimdo.com,3/18/2021,"Evangelische Fachhochschule Reutlingen-Ludwigsburg, Hochschule für Soziale Arbeit, Religionspädagogik und Diakonie"
200907,vk.com,4/30/2020,East China Jiao Tong University
200908,geocities.jp,1/10/2021,University of Cincinnati
200909,nhs.uk,1/25/2021,Northern Sichuan Medical College
200910,php.net,2/17/2021,Gujarat Ayurved University
200911,nationalgeographic.com,6/22/2020,Universidade Mackenzie
200912,jimdo.com,9/29/2020,Huafan University
200913,cisco.com,11/21/2020,Universidade de Franca
200914,state.tx.us,3/8/2021,Kagawa Medical School
200915,mozilla.com,10/13/2020,University of Surrey
200916,ebay.co.uk,6/19/2020,Universidad de Granma
200917,networksolutions.com,12/24/2020,University of Calabria
200918,psu.edu,2/13/2021,Wirtschaftsuniversität Wien
200919,nationalgeographic.com,8/4/2020,Ohio University - Southern
200920,plala.or.jp,2/2/2021,Srinakharinwirot University
200921,etsy.com,4/29/2020,Université de Mons-Hainaut
200922,csmonitor.com,8/21/2020,Liepaja Pedagogical Higher School
200923,vkontakte.ru,8/24/2020,"Indian Institute of Management, Tiruchirappalli"
200924,hc360.com,4/29/2020,Clarkson University
200925,usa.gov,10/6/2020,Centenary College
200926,unicef.org,7/7/2020,Atish Dipankar University
200927,blogs.com,6/17/2020,Universidad del Centro Educativo Latinoamericano Rosario
200928,huffingtonpost.com,7/25/2020,Universidad Hispanoamericana
200929,ed.gov,4/14/2021,Azerbaijan State Economic University
200930,yale.edu,12/27/2020,Miyazaki Municipal University
200931,mediafire.com,1/9/2021,Université Jean Moulin (Lyon III)
200932,hibu.com,9/13/2020,Université de Lomé
200933,macromedia.com,9/28/2020,West Coast University (WCU) 
200934,bizjournals.com,3/13/2021,"Islamic Azad University, Lahijan"
200935,tmall.com,3/5/2021,Universidad Pablo de Olavide
200936,domainmarket.com,4/24/2021,University of Arizona
200937,reddit.com,10/6/2020,Texas A&M University - Texarkana
200938,123-reg.co.uk,12/3/2020,Olivet Nazarene University
200939,diigo.com,8/23/2020,Ecole Supérieure de Commerce de Reims
200940,ucoz.com,1/22/2021,King's College
200941,blogspot.com,2/10/2021,Robert Morris College
200942,mozilla.com,6/29/2020,Sterlitamak State Pedagogical Institute
200943,hugedomains.com,11/15/2020,Tai Solarin University of Education
200944,i2i.jp,3/6/2021,Université de Ngaoundéré
200945,sitemeter.com,7/19/2020,Athens Graduate School of Management (AGSM)
200946,squidoo.com,1/4/2021,Dicle (Tirgris) University
200947,multiply.com,4/22/2021,"Fachhochschule Trier, Hochschule für Technik, Wirtschaft und Gestaltung"
200948,washingtonpost.com,3/31/2021,Louisiana State University at Alexandria
200949,tripadvisor.com,11/11/2020,Huaihua Radio and Television University
200950,netlog.com,9/23/2020,George Washington University
200951,foxnews.com,10/24/2020,Texas Tech University
200952,google.com.hk,8/23/2020,University of Bath
200953,about.com,8/28/2020,Riga Technical University
200954,chron.com,7/14/2020,Stamford University
200955,tripadvisor.com,11/17/2020,O'More College of Design
200956,ezinearticles.com,5/24/2020,University of Oklahoma Health Sciences Center
200957,flickr.com,4/7/2021,FAAP - Fundação Armando Alvares Penteado
200958,nbcnews.com,5/28/2020,Universidad de Holguín
200959,jiathis.com,1/28/2021,Soka University
200960,yahoo.co.jp,7/26/2020,Universidad del Quindío
200961,samsung.com,5/4/2020,Technische Universität Dresden
200962,delicious.com,12/24/2020,Dr. B.R. Ambedkar Open University
200963,ebay.co.uk,11/30/2020,Université Catholique de Lyon
200964,lycos.com,1/10/2021,Université Française d'Égypte
200965,house.gov,8/13/2020,Nakhchivan Private University
200966,plala.or.jp,8/31/2020,Emeq Yizrael College
200967,hatena.ne.jp,6/20/2020,Shenkar School of Engineering & Design
200968,amazon.co.jp,9/21/2020,Ecole Supérieure de Physique et de Chimie Industrielles
200969,wikimedia.org,9/5/2020,Universitas Pasundan
200970,i2i.jp,6/9/2020,Stockholm School of Economics
200971,bbb.org,6/4/2020,State University of New York School of Engineering and Applied Sciences
200972,gravatar.com,2/2/2021,Nara University
200973,disqus.com,8/26/2020,Washburn University
200974,zimbio.com,4/9/2021,Kasetsart University
200975,theguardian.com,5/28/2020,Yaroslavl State Theatre Institute
200976,amazonaws.com,12/20/2020,National Technical University (Kharkiv Polytechnical Institute)
200977,privacy.gov.au,6/21/2020,"National Institute of Technology, Rourkela"
200978,washington.edu,12/20/2020,Bangabandhu Sheikh Mujibur Rahman Medical University
200979,t-online.de,7/19/2020,Burjat State University
200980,unesco.org,3/20/2021,University of Dongola
200981,163.com,9/25/2020,Southampton Solent University
200982,weibo.com,11/22/2020,University of Redlands
200983,barnesandnoble.com,3/15/2021,International Kazakh-Turkish University
200984,columbia.edu,12/15/2020,Dalian Martime University
200985,ovh.net,11/29/2020,University of Science and Technology
200986,github.io,12/19/2020,Tokyo Keizai University
200987,pagesperso-orange.fr,4/8/2021,Uganda Martyr's University
200988,arstechnica.com,11/11/2020,Universidad Nueva Esparta
200989,tamu.edu,3/13/2021,University of Evansville
200990,macromedia.com,3/27/2021,Catholic University in Ružomberok
200991,nps.gov,12/8/2020,Dogus University
200992,ustream.tv,6/11/2020,South-East Asia University
200993,ask.com,1/31/2021,University of the West Indies St. Augustine
200994,edublogs.org,5/18/2020,4th Military Medical University
200995,usgs.gov,3/3/2021,Ecole Centrale d'Electronique - ECE
200996,mashable.com,1/10/2021,University of Tartu
200997,timesonline.co.uk,1/20/2021,State University of New York College at Cortland
200998,sogou.com,2/23/2021,Art Academy of Cincinnati
200999,cargocollective.com,11/23/2020,Université Paris Nanterre (Paris X)
201000,imageshack.us,4/26/2021,Internationle Akademie für Philosophie
